age,tenure_months,monthly_charge,num_products,support_calls,has_contract,churned
56,1,26.18,1,9,1,1
69,10,93.44,1,4,0,1
46,36,72.17,2,9,1,1
32,9,41.32,2,8,0,1
60,45,98.17,1,8,1,1
25,46,40.38,2,7,0,1
38,42,46.07,4,5,1,0
56,32,29.25,4,5,0,1
36,32,59.94,3,0,0,1
40,6,61.89,2,5,1,1
28,48,71.46,3,3,0,0
28,38,90.9,3,3,0,1
41,17,110.61,3,1,1,0
53,10,33.77,2,3,1,0
57,50,25.43,3,4,1,0
41,27,21.85,4,4,1,0
20,54,34.36,3,4,0,1
39,50,85.79,4,3,0,1
19,35,92.75,4,0,1,0
41,52,98.65,2,9,0,1
61,59,44.37,3,7,1,0
47,21,50.59,2,2,0,1
55,25,68.31,4,1,1,0
19,28,26.32,1,8,1,0
38,47,81.11,3,6,1,0
50,15,118.37,2,8,1,1
29,4,56.08,1,1,1,0
39,29,95.28,3,8,1,1
61,59,70.0,3,9,1,0
42,9,32.78,2,8,0,1
66,27,78.22,1,8,1,1
44,26,49.99,2,9,0,1
59,19,23.44,3,9,0,1
45,56,83.49,3,3,1,0
33,28,105.89,4,9,0,1
32,17,54.48,3,2,1,0
64,43,59.03,3,5,1,0
68,57,109.1,1,2,1,0
61,41,101.36,1,8,1,1
69,42,91.5,4,2,1,0
20,50,44.88,4,1,0,0
54,20,111.02,4,7,1,1
68,45,35.44,2,5,0,1
24,40,82.68,2,7,0,1
38,39,22.88,4,6,1,0
26,49,84.37,2,2,0,1
56,53,47.71,3,7,0,1
35,23,64.97,4,9,1,1
21,47,54.53,4,0,0,0
42,32,37.28,2,0,0,0
31,52,82.2,1,9,0,1
67,47,108.2,4,7,1,0
26,33,115.91,2,8,1,1
43,57,39.23,2,9,1,0
19,46,91.74,1,5,0,1
37,5,86.43,4,4,1,1
45,43,54.34,1,1,1,0
64,48,21.91,3,8,0,1
24,34,88.98,1,5,1,1
61,40,114.55,1,7,1,1
25,11,83.21,2,8,1,1
64,50,63.53,1,8,1,0
52,3,72.52,3,7,0,1
31,58,39.96,2,9,1,0
34,33,95.05,3,7,1,1
53,11,94.64,1,2,1,0
67,16,34.55,3,2,1,0
57,18,107.8,3,1,1,0
21,30,46.92,1,0,1,0
19,48,118.23,1,3,1,0
23,55,58.29,2,1,1,0
59,10,37.79,2,1,0,1
21,18,55.17,4,4,1,0
46,38,64.02,2,3,1,0
35,19,26.93,1,0,0,0
43,36,77.82,3,8,0,1
61,59,79.76,3,3,0,1
51,13,93.89,2,4,0,1
27,56,22.92,2,6,0,1
53,46,74.12,1,1,0,0
31,3,25.29,3,7,1,1
48,10,90.11,4,1,0,1
65,38,25.57,4,9,0,1
32,1,111.17,2,4,1,1
25,55,90.21,4,1,0,0
31,56,70.74,1,1,1,0
40,27,64.15,4,3,1,0
57,46,33.07,2,3,0,1
38,8,49.1,1,7,0,1
33,51,106.9,3,5,0,1
62,46,110.45,1,9,0,1
35,42,20.07,2,7,0,1
64,17,79.41,2,6,0,1
41,9,91.93,4,9,0,1
43,6,81.87,4,3,1,1
42,43,28.17,3,1,0,0
62,25,41.77,3,8,1,1
58,39,45.03,2,1,0,0
46,49,103.17,2,0,1,0
32,28,66.32,2,7,0,1
62,33,68.68,3,9,1,1
18,54,113.49,2,8,0,1
42,37,83.71,3,0,1,0
24,9,109.87,2,6,0,1
26,18,65.65,1,1,1,0
41,56,34.94,1,5,0,1
18,59,112.99,2,4,1,0
61,21,65.87,1,0,0,1
25,2,38.16,3,1,1,0
41,58,50.24,4,1,0,0
28,43,25.08,1,9,0,1
68,59,66.83,4,9,1,0
34,38,105.31,1,5,1,0
25,58,113.36,3,0,1,0
52,40,113.26,1,3,1,0
52,36,32.52,1,9,1,1
50,50,58.21,2,4,1,0
22,43,22.82,4,1,0,0
59,37,105.52,4,1,0,1
56,15,55.88,3,6,1,1
58,28,83.11,3,6,1,1
45,18,91.49,4,5,1,0
24,34,62.98,2,0,1,0
26,22,50.64,2,2,0,1
25,11,116.22,4,8,0,1
29,58,116.45,1,9,1,1
51,57,48.94,4,0,0,0
50,13,67.96,1,1,0,1
65,4,117.28,4,7,1,1
40,22,20.49,1,6,1,0
41,7,61.27,2,8,0,1
54,43,30.05,4,9,1,0
52,54,70.92,3,3,0,0
61,24,22.47,1,3,0,1
57,4,60.69,2,6,1,1
39,28,42.07,3,0,1,0
44,15,73.33,2,9,0,1
52,1,119.6,1,8,1,1
18,55,100.05,4,1,0,1
52,3,104.56,2,0,1,1
54,14,83.53,4,6,0,1
64,38,24.16,4,5,1,0
31,50,40.68,2,2,1,0
20,57,112.51,2,0,0,0
18,1,56.61,2,4,1,1
22,38,30.36,4,9,1,0
43,38,90.24,3,3,0,1
31,21,49.95,1,4,1,0
56,48,46.89,3,0,1,0
44,29,119.8,4,0,1,0
26,5,105.81,2,4,1,1
32,49,60.79,2,5,1,0
32,10,118.03,1,4,1,1
43,28,85.01,1,1,1,0
59,21,94.2,3,8,1,1
30,50,23.15,3,4,1,0
68,7,32.16,1,4,0,1
49,3,83.31,4,9,1,1
56,45,109.9,3,8,1,1
66,47,82.37,2,2,1,0
69,20,33.4,2,4,1,0
49,19,31.58,4,4,0,1
21,35,104.42,1,1,0,1
47,4,33.93,3,3,1,1
54,5,72.02,2,1,1,0
40,1,23.71,1,4,1,0
56,4,28.07,3,9,1,1
62,12,87.23,4,1,1,0
32,27,88.92,2,9,0,1
60,56,54.15,4,8,1,0
46,42,41.56,4,9,0,1
53,23,101.37,4,5,1,1
30,25,41.71,3,7,1,0
49,21,74.2,4,8,0,1
24,58,116.82,3,7,0,1
68,52,34.79,3,4,0,0
39,24,114.09,4,4,1,0
45,25,38.29,4,5,0,1
19,45,76.74,1,0,1,0
59,55,57.7,2,7,0,1
62,46,116.49,1,1,1,0
23,32,47.35,2,5,0,1
45,55,59.97,2,8,0,1
45,32,118.29,1,2,0,1
61,5,73.65,1,1,1,0
61,36,70.26,2,9,1,1
37,46,45.78,2,4,0,1
47,42,90.14,2,8,0,1
28,49,21.44,3,5,0,1
45,42,24.95,2,7,1,0
42,58,79.94,4,7,0,1
56,39,54.17,4,6,1,0
50,16,115.33,4,4,1,1
18,33,110.32,1,1,1,0
44,49,91.37,1,9,1,1
69,21,101.81,1,9,0,1
30,9,86.73,2,4,1,1
58,6,32.56,4,6,0,1
20,51,96.55,2,6,1,0
56,45,41.02,3,1,1,0
23,35,52.34,3,6,0,1
25,39,101.92,1,5,0,1
44,22,73.65,3,6,0,1
26,41,105.99,4,7,0,1
54,54,41.3,3,3,0,0
50,5,80.78,1,0,0,1
68,42,28.38,2,7,0,1
59,23,84.31,3,7,1,1
61,17,96.25,4,2,1,0
41,12,78.49,4,2,1,0
32,23,46.62,4,4,1,0
49,16,23.13,2,2,1,0
49,3,31.94,4,4,1,0
41,30,82.23,1,7,1,1
58,57,113.44,1,0,1,0
69,22,40.65,4,1,0,1
66,9,93.5,3,1,1,0
66,29,106.65,4,3,1,0
69,47,72.09,1,8,1,0
29,37,86.93,1,1,1,0
56,23,101.5,1,8,0,1
19,13,46.07,3,6,0,1
20,32,49.69,3,9,1,1
66,46,20.06,3,7,1,0
54,52,116.31,1,0,0,0
66,47,111.75,2,4,0,1
34,48,96.46,4,8,1,0
66,23,27.91,4,3,1,0
19,45,64.75,1,1,1,0
19,17,30.19,3,5,0,1
45,55,21.59,2,1,0,0
40,40,81.62,2,2,0,1
54,21,116.08,3,7,1,1
49,2,110.29,4,2,0,1
50,37,89.68,4,1,0,1
18,6,29.66,2,5,1,0
36,44,47.42,2,2,1,0
19,18,52.01,3,0,0,1
61,30,96.32,4,2,1,0
43,22,100.22,2,5,1,0
49,54,58.51,4,2,1,0
23,33,61.79,2,8,1,1
49,30,24.45,3,6,1,0
21,17,48.91,4,4,0,1
28,43,65.13,2,1,1,0
34,32,31.7,2,8,1,1
55,42,65.33,2,4,1,0
41,51,105.32,2,6,1,0
22,14,78.13,3,8,1,1
69,58,27.89,4,3,1,0
51,10,39.17,4,8,0,1
23,47,67.45,1,0,0,0
39,51,56.15,4,5,1,0
28,36,55.87,1,1,0,1
65,34,72.93,2,7,1,1
33,9,78.44,3,4,0,1
50,42,99.69,3,2,1,0
26,28,54.1,2,1,1,0
23,11,100.55,1,7,0,1
33,14,53.86,2,6,0,1
46,39,25.54,3,8,0,1
20,55,75.42,3,7,0,1
37,47,78.79,4,3,1,0
53,54,113.45,1,1,1,0
36,19,92.61,4,1,0,1
43,54,111.78,3,1,1,0
20,15,110.83,3,5,0,1
36,28,80.46,4,6,1,1
37,24,72.78,4,5,0,1
49,8,75.74,3,1,1,0
24,43,117.83,4,3,1,0
69,9,97.32,4,2,1,0
58,47,30.63,1,3,1,0
50,33,97.84,3,4,1,0
57,33,37.05,2,6,1,0
56,19,64.74,1,8,1,1
35,3,41.05,2,1,0,1
57,10,88.96,4,7,1,1
18,40,107.73,4,2,0,1
28,47,49.04,2,8,1,0
45,42,28.2,4,9,1,0
42,1,49.85,4,3,1,1
67,29,87.24,1,2,1,0
40,50,52.88,2,9,0,1
48,34,47.81,1,5,1,0
47,51,38.44,2,9,0,1
59,13,69.75,1,8,0,1
52,54,47.59,3,6,1,0
24,1,93.1,3,3,0,1
33,34,27.66,2,2,1,0
43,29,86.4,3,9,1,1
65,48,43.76,1,3,1,0
69,47,68.93,2,2,0,0
66,13,48.61,3,2,1,0
19,48,92.28,3,8,1,0
18,49,114.53,2,3,1,0
65,53,111.71,3,8,1,0
29,29,78.34,3,9,1,1
22,39,66.26,2,4,0,1
54,24,101.83,3,6,1,1
49,26,88.33,3,4,1,0
26,17,38.36,3,0,1,0
58,7,102.09,3,1,0,1
52,13,62.89,4,4,1,0
36,5,38.9,2,5,1,0
65,26,48.18,4,6,1,0
33,49,46.75,4,1,1,0
20,3,71.92,1,9,0,1
37,7,43.44,4,8,0,1
41,58,32.36,4,5,1,0
50,49,32.37,1,1,1,0
41,39,78.33,3,1,1,0
69,53,93.48,3,2,0,1
28,1,52.15,4,0,1,0
66,49,23.47,1,8,0,1
25,17,32.72,3,9,1,1
53,43,111.47,1,3,0,1
55,25,69.35,2,4,1,0
57,59,65.36,2,6,1,0
37,3,23.8,2,0,1,0
52,15,92.86,2,2,1,0
65,29,72.81,4,2,1,0
42,53,40.21,2,1,0,0
52,43,31.01,2,7,1,0
42,32,58.34,1,4,1,0
46,26,103.72,3,0,0,1
35,16,106.53,1,1,1,0
63,25,80.28,4,0,1,0
35,54,92.75,2,5,0,1
19,28,31.52,3,8,0,1
52,9,78.81,3,6,1,1
33,56,86.7,2,4,1,0
58,56,40.07,2,2,0,0
53,1,108.02,4,7,1,1
50,29,39.5,4,9,1,1
21,57,51.35,2,3,0,1
50,22,82.06,2,8,0,1
31,16,83.84,2,4,1,1
38,41,89.94,2,5,1,0
65,51,31.2,3,4,1,0
37,44,104.95,4,9,1,1
25,51,73.28,2,6,0,1
24,54,67.13,2,6,1,0
20,41,118.11,3,0,1,0
34,7,94.04,1,1,0,1
50,14,31.8,2,6,1,1
65,29,95.65,3,7,0,1
29,19,29.52,3,3,1,0
68,19,22.75,1,5,0,1
39,2,60.36,4,9,0,1
39,41,119.36,4,2,1,0
63,45,37.49,4,6,0,1
47,15,87.26,2,2,1,0
55,3,37.34,4,6,0,1
55,11,92.48,2,7,0,1
62,53,70.54,2,2,0,0
68,46,88.0,3,1,0,0
25,30,40.29,4,5,0,1
44,57,94.56,4,3,1,0
44,40,119.56,4,7,0,1
51,18,86.57,2,1,0,1
38,51,69.35,2,3,1,0
47,48,112.32,4,1,0,1
50,2,21.59,2,1,1,0
45,32,92.99,2,1,0,1
64,8,108.87,1,0,0,1
50,22,26.17,1,3,1,0
22,6,65.01,4,1,1,0
65,12,40.47,4,8,0,1
36,47,76.65,1,8,1,0
21,57,84.95,2,6,0,1
52,40,50.26,2,5,0,1
66,36,66.0,3,2,1,0
34,15,47.93,4,6,0,1
61,28,56.94,4,0,1,0
45,52,35.95,4,8,0,1
47,57,108.56,3,3,1,0
46,49,21.0,3,5,1,0
63,45,108.24,2,5,1,0
23,18,77.17,1,2,0,1
52,2,53.17,1,3,1,1
58,13,92.31,1,9,1,1
54,45,70.78,2,2,1,0
41,54,69.91,1,5,1,0
46,15,31.01,3,0,1,0
66,20,58.95,3,7,1,1
63,29,44.11,4,7,0,1
48,59,21.57,1,8,1,0
52,42,56.01,3,5,1,0
50,29,28.98,4,0,0,0
69,3,45.68,1,2,1,0
38,19,29.25,1,0,1,0
49,3,30.09,3,4,1,0
40,54,39.9,4,2,0,0
50,14,119.98,4,1,0,1
20,40,20.22,3,2,1,0
35,59,83.87,3,8,1,0
42,55,34.12,3,7,1,0
59,4,112.06,1,2,1,1
48,59,29.36,3,1,1,0
20,52,115.51,3,4,0,1
57,11,81.09,2,0,0,1
63,58,20.13,3,3,0,0
41,31,109.4,3,7,0,1
67,43,72.17,1,0,1,0
49,32,46.27,4,4,1,0
64,27,96.73,1,3,1,0
39,30,112.67,2,5,1,1
40,43,68.37,3,6,1,0
19,2,51.56,3,8,1,1
44,49,98.89,3,0,1,0
59,9,88.18,3,9,0,1
19,28,108.88,3,3,1,0
43,31,89.25,3,5,0,1
34,34,44.35,2,9,0,1
57,56,113.17,3,6,1,0
50,15,30.48,3,6,0,1
26,48,46.79,3,7,0,1
60,25,72.02,2,9,1,1
65,36,76.57,3,7,1,0
56,8,21.53,2,7,0,1
46,9,98.06,1,7,0,1
59,58,56.16,3,7,1,0
43,58,60.64,4,5,0,1
52,37,100.94,2,8,1,1
67,48,57.93,1,2,1,0
42,45,24.72,2,5,1,0
41,39,37.64,2,4,0,1
30,32,115.59,1,7,1,1
24,58,27.04,3,3,1,0
53,52,55.49,3,3,0,0
62,17,70.32,2,9,0,1
37,35,69.33,1,9,0,1
18,37,20.4,3,4,1,0
25,19,70.12,2,5,1,0
63,44,58.38,4,3,0,1
33,29,117.21,1,1,0,1
31,59,35.92,4,1,1,0
29,7,55.42,4,2,1,0
68,28,61.95,2,1,1,0
40,9,59.07,1,0,0,1
32,28,86.58,3,7,0,1
45,6,41.55,3,4,1,0
51,29,42.11,2,9,0,1
19,58,92.92,3,0,1,0
49,17,70.03,3,8,1,1
40,16,61.52,4,7,0,1
39,23,36.92,4,3,1,0
68,31,38.75,1,7,1,0
42,3,21.06,4,9,1,1
39,21,29.14,3,6,1,1
39,26,75.68,1,6,1,1
66,36,109.19,1,0,1,0
69,42,48.72,2,5,1,0
59,37,52.77,4,3,0,1
23,53,31.56,1,9,0,1
32,22,58.86,3,9,1,1
60,42,23.72,1,9,1,0
54,12,111.76,1,1,1,0
50,42,87.31,2,9,1,1
25,13,119.07,3,6,0,1
61,11,108.28,3,8,1,1
61,54,67.3,4,4,1,0
22,16,71.97,3,7,1,1
56,8,39.06,1,4,0,1
21,40,66.2,3,6,0,1
23,59,110.3,3,6,1,0
62,57,25.09,1,8,1,0
49,40,106.36,2,2,0,1
69,45,54.09,4,0,1,0
47,59,109.95,4,1,0,0
64,2,114.09,2,5,1,1
52,30,87.09,1,9,1,1
57,30,86.44,4,9,1,1
69,12,65.28,2,8,1,1
33,10,103.55,2,2,1,1
30,44,116.16,2,9,1,1
67,11,97.51,4,1,1,0
59,15,82.19,4,0,1,0
47,16,80.68,4,1,0,1
36,17,104.95,4,2,1,0
34,26,74.12,3,6,0,1
36,2,100.39,2,1,0,1
45,50,70.89,3,4,1,0
43,12,26.24,2,1,1,0
54,51,58.39,4,6,0,1
43,26,64.44,4,9,1,1
40,23,34.16,3,7,1,0
26,18,30.25,1,7,0,1
29,32,73.55,4,7,1,1
18,49,28.51,1,9,0,1
18,38,50.29,2,8,1,0
64,57,94.46,3,0,1,0
51,47,116.44,1,0,0,0
49,3,91.79,1,9,1,1
65,38,119.26,4,1,1,0
42,3,89.83,1,5,1,1
57,30,49.38,1,0,1,0
62,1,87.21,2,4,1,1
18,30,90.22,3,4,0,1
33,45,57.17,4,3,0,1
56,32,21.77,4,4,1,0
22,28,90.32,1,0,1,0
39,21,22.17,2,5,0,1
46,58,83.12,1,6,1,0
20,46,36.36,1,7,0,1
29,13,76.56,4,1,0,1
43,27,70.39,1,6,0,1
33,36,21.35,1,5,1,0
68,7,56.29,2,8,1,1
54,22,80.11,4,7,0,1
39,10,104.86,3,3,1,0
46,39,108.86,2,8,0,1
31,53,68.38,2,0,1,0
45,15,92.84,2,5,0,1
22,15,51.65,4,7,1,1
64,4,54.22,1,3,1,1
66,32,39.45,3,1,1,0
47,23,76.19,4,1,0,1
63,55,51.46,1,9,0,1
69,6,28.44,2,0,1,0
22,24,88.5,4,4,1,0
29,20,90.78,1,5,1,0
33,58,56.0,3,3,1,0
43,37,27.67,3,3,1,0
43,20,62.63,1,4,1,0
65,12,64.23,4,4,0,1
38,33,86.87,2,8,0,1
56,28,51.54,1,7,1,1
53,8,88.26,2,8,1,1
50,1,107.15,3,2,1,1
47,37,43.75,1,2,0,1
54,22,117.89,3,0,1,0
40,6,58.64,2,9,1,1
27,21,46.73,2,5,1,0
22,32,62.15,1,3,0,1
53,35,29.44,1,7,1,0
51,15,32.57,1,1,0,1
69,5,61.44,3,1,1,0
48,56,96.24,2,6,1,0
27,46,110.03,2,4,0,1
36,50,86.48,3,0,0,0
49,48,30.52,1,6,1,0
18,6,87.2,4,6,1,1
22,25,83.54,1,9,0,1
62,56,100.58,4,5,1,0
21,46,102.52,4,3,1,0
33,59,106.82,3,7,0,1
41,56,61.41,2,1,1,0
33,40,89.79,2,1,0,0
19,29,46.83,2,1,0,0
66,7,119.93,2,2,1,1
45,40,37.53,3,5,0,1
49,13,21.01,4,0,1,0
44,38,34.88,2,1,1,0
37,18,97.59,4,9,1,1
41,2,64.68,3,1,0,1
29,8,64.75,1,0,0,1
67,11,115.5,3,2,1,1
52,33,111.96,2,9,1,1
50,54,51.12,1,6,1,0
50,38,40.91,3,0,1,0
68,48,104.85,3,6,0,1
60,27,110.6,4,4,1,0
54,20,74.16,3,8,1,1
29,12,82.94,1,1,1,0
20,43,45.69,3,0,0,0
18,31,100.08,2,8,1,1
50,27,83.21,4,7,0,1
57,32,70.35,1,9,1,1
27,10,26.01,1,5,0,1
60,3,111.59,3,4,1,1
61,45,81.55,2,7,1,0
46,27,39.27,4,7,1,0
30,35,80.64,1,4,1,0
29,31,87.75,4,6,0,1
48,15,72.58,3,0,1,0
63,16,91.81,2,3,1,1
19,13,78.15,3,1,1,0
68,49,114.78,4,9,1,1
67,35,25.37,3,2,1,0
52,52,30.62,4,0,1,0
40,11,37.37,1,1,0,1
34,59,89.02,1,0,1,0
43,21,84.56,3,7,0,1
25,51,109.21,1,3,0,1
46,54,93.29,4,2,0,0
43,11,70.84,1,0,0,1
27,30,119.18,2,1,1,0
43,48,46.61,2,2,0,0
51,53,103.32,3,2,0,1
68,35,62.68,3,5,1,0
58,22,84.87,3,9,1,1
24,38,92.73,3,7,1,0
21,31,83.38,4,5,1,0
67,14,34.05,4,1,0,1
62,24,64.3,2,1,0,1
28,50,76.14,4,6,0,1
46,49,104.9,1,0,1,0
53,32,64.36,2,0,1,0
42,36,111.87,3,6,0,1
38,32,64.04,3,8,0,1
53,55,74.88,4,4,1,0
27,15,99.63,2,0,0,1
54,43,78.31,4,4,1,0
26,58,116.02,4,0,1,0
41,35,86.03,4,9,1,1
52,3,72.27,2,8,1,1
66,16,22.36,3,3,0,1
52,5,61.37,1,8,1,1
65,21,49.92,3,1,1,0
53,10,94.81,2,6,1,1
35,19,40.83,3,1,1,0
66,25,40.52,3,3,1,0
56,4,38.95,1,5,1,0
49,29,32.56,3,1,0,0
41,19,51.1,3,1,0,1
40,43,108.59,3,1,0,1
49,2,97.49,4,2,1,1
54,10,93.53,2,4,1,1
29,43,99.73,2,8,0,1
66,25,46.94,1,5,0,1
30,20,108.74,4,8,1,1
40,48,33.73,4,9,0,1
42,19,53.63,3,4,0,1
52,23,78.67,2,5,0,1
58,24,30.29,1,9,0,1
47,11,93.01,4,7,1,1
34,46,58.72,3,2,1,0
66,34,98.44,1,1,1,0
37,55,69.29,4,2,1,0
65,28,38.09,1,8,0,1
42,5,93.48,4,5,0,1
39,59,45.21,1,9,1,0
30,5,69.08,4,3,1,0
36,51,27.55,4,9,0,1
66,21,81.79,1,2,0,1
53,12,86.59,4,1,0,1
29,50,57.87,4,3,1,0
58,4,115.44,4,8,0,1
36,54,107.42,1,3,1,0
29,49,90.79,1,4,0,1
26,42,91.37,4,7,1,1
24,20,45.24,4,1,0,1
45,38,85.68,1,2,1,0
31,25,39.82,3,5,0,1
48,14,34.4,4,6,0,1
69,11,119.95,3,3,1,1
36,32,82.24,1,0,1,0
64,11,63.1,4,6,1,1
33,18,48.82,3,8,1,1
22,27,80.39,1,0,0,1
52,55,24.96,3,0,1,0
29,54,29.47,2,0,0,0
42,18,23.29,1,9,0,1
69,56,69.92,2,6,1,0
38,23,80.06,1,8,1,1
53,11,26.25,1,2,1,0
40,21,92.12,4,7,1,1
33,44,43.04,2,8,1,0
56,5,88.52,2,2,0,1
62,23,118.19,2,2,1,0
59,41,89.11,1,0,1,0
56,59,108.32,2,1,1,0
31,25,114.82,2,6,1,1
48,41,68.68,4,2,1,0
22,54,90.23,3,6,1,0
52,10,105.2,3,4,0,1
40,22,55.66,2,9,1,1
46,19,46.14,2,7,0,1
60,1,114.66,2,4,0,1
28,7,92.63,2,2,0,1
35,4,41.97,3,8,0,1
64,1,64.91,4,6,0,1
29,15,99.65,1,4,0,1
26,40,74.71,2,6,1,0
27,12,85.0,2,9,1,1
61,22,95.38,3,8,0,1
34,22,82.2,2,4,0,1
55,50,74.01,4,6,1,0
24,47,94.96,4,8,0,1
63,17,92.76,2,0,0,1
30,29,82.99,3,3,0,1
57,46,55.98,2,0,0,0
59,14,60.58,2,7,1,1
26,50,117.04,3,2,0,1
67,20,31.24,4,1,1,0
44,50,46.85,1,3,0,0
19,48,69.24,2,2,1,0
22,33,103.67,4,4,1,0
46,55,36.37,2,7,0,1
54,59,47.7,1,9,0,1
55,43,26.58,3,7,0,1
36,15,90.6,4,6,1,1
25,12,43.82,1,7,0,1
65,40,58.87,2,4,1,0
62,54,64.37,1,9,0,1
18,20,109.13,4,9,0,1
39,30,61.13,3,5,0,1
69,38,34.52,2,7,0,1
34,3,72.43,3,0,0,1
24,28,116.3,3,5,0,1
42,56,80.77,1,5,1,0
62,26,118.34,1,4,0,1
21,30,104.11,4,3,1,0
53,13,23.6,4,0,1,0
23,13,85.84,3,9,1,1
48,2,48.68,4,7,1,1
36,37,75.96,3,5,0,1
61,49,47.93,2,2,0,0
56,38,54.89,3,2,1,0
44,2,112.32,4,5,1,1
27,36,40.66,4,6,1,0
43,54,107.41,3,7,0,1
36,26,23.05,1,4,1,0
56,11,29.09,3,9,1,1
20,8,105.47,3,5,0,1
62,44,83.06,1,0,1,0
30,40,94.72,2,5,0,1
67,43,40.94,1,8,0,1
45,22,73.71,4,9,0,1
37,20,93.72,1,3,1,0
45,8,82.73,4,9,1,1
25,29,67.17,4,0,1,0
58,40,115.98,3,8,1,1
56,26,87.62,3,3,0,1
18,30,110.78,2,1,0,1
20,17,92.98,4,0,0,1
30,20,93.55,3,2,1,0
45,52,28.0,4,6,0,1
66,55,55.95,2,9,1,0
42,16,105.84,4,1,0,1
50,46,43.26,2,8,0,1
55,43,31.55,2,1,0,0
23,7,52.61,2,4,0,1
61,16,42.04,3,7,1,1
62,45,112.53,1,9,1,1
49,59,106.8,1,7,1,0
62,47,69.97,3,2,1,0
64,56,26.13,4,1,1,0
38,48,91.46,3,8,1,1
33,27,82.34,4,2,1,0
38,53,117.06,2,7,1,1
28,23,75.9,3,1,0,1
54,24,53.64,1,2,1,0
53,9,71.9,4,0,1,0
52,35,117.93,3,5,0,1
36,51,89.64,3,6,1,0
37,20,87.2,4,3,1,0
35,37,44.07,2,0,1,0
64,42,94.36,2,2,1,0
58,17,95.03,2,8,0,1
66,47,51.73,2,4,1,0
31,31,68.37,4,5,0,1
32,55,49.46,1,3,1,0
48,57,45.87,3,0,1,0
18,8,22.59,3,4,1,0
20,15,48.52,2,4,0,1
33,31,75.4,4,4,0,1
40,53,20.16,1,5,1,0
28,30,48.32,1,1,1,0
29,46,108.14,3,0,1,0
27,20,79.36,2,1,1,0
49,39,80.79,3,9,1,1
33,53,60.34,3,5,0,1
25,55,87.65,1,4,1,0
55,12,38.99,4,4,1,0
29,49,101.87,1,5,0,1
41,17,31.67,3,9,0,1
45,42,85.6,2,6,1,1
25,30,54.11,2,8,1,1
45,29,94.75,4,6,0,1
53,19,74.98,4,1,0,1
43,46,65.24,4,5,0,1
25,11,36.94,3,8,0,1
67,34,83.68,3,6,1,0
45,50,117.48,4,1,1,0
45,7,102.56,2,2,1,1
54,44,26.0,2,7,1,0
58,58,57.62,2,8,0,1
53,34,112.56,3,3,1,0
44,59,70.3,1,8,1,0
34,20,86.21,2,1,1,0
26,50,111.26,2,4,1,0
50,38,107.38,2,1,1,0
37,24,70.18,4,0,1,0
30,10,63.76,3,4,0,1
45,32,53.97,4,1,0,1
65,52,91.9,4,6,1,0
46,15,48.7,1,7,1,1
30,37,44.99,4,1,1,0
63,20,55.62,1,6,0,1
52,3,37.72,4,3,0,1
23,37,89.51,2,0,1,0
35,57,81.62,3,2,1,0
68,40,68.29,4,0,0,0
22,8,59.03,1,4,1,1
64,40,110.91,3,7,1,1
42,44,22.91,1,0,0,0
19,56,96.91,2,8,1,1
27,23,110.19,4,2,0,1
47,40,64.64,3,4,1,0
67,11,75.07,2,8,1,1
62,46,114.45,4,4,0,1
22,8,41.23,4,8,1,1
50,29,72.01,1,9,1,1
18,30,67.47,1,7,1,0
35,56,45.84,2,6,1,0
49,10,101.86,1,0,1,0
64,39,109.96,2,3,0,1
66,28,98.19,2,8,0,1
28,49,39.54,2,9,1,0
38,36,28.67,1,7,0,1
43,13,80.54,3,3,1,1
42,32,25.71,2,0,1,0
39,36,87.28,3,9,1,1
44,37,73.04,4,3,1,0
66,26,86.28,1,2,0,1
30,22,79.02,1,5,1,0
50,4,62.27,3,4,1,0
51,31,40.09,4,4,0,1
58,18,50.57,4,1,0,1
52,38,72.45,2,2,1,0
18,24,85.19,1,5,0,1
38,56,97.95,4,1,1,0
65,23,96.72,4,3,1,0
23,22,117.27,2,1,1,0
45,2,48.58,2,8,1,1
34,31,27.11,3,2,0,1
22,55,54.57,1,9,1,0
48,11,94.33,4,9,1,1
22,28,63.81,3,5,0,1
55,46,101.78,1,0,1,0
20,32,74.93,3,9,1,1
40,5,112.98,1,2,0,1
54,38,114.79,1,7,1,1
54,10,26.93,4,4,1,0
27,40,65.64,1,7,1,0
27,46,80.97,2,1,0,0
36,24,45.59,4,6,1,1
34,35,60.71,2,8,1,0
38,44,87.77,3,6,1,0
31,48,42.67,3,2,1,0
26,23,80.2,1,6,1,1
63,17,89.74,1,7,0,1
18,1,29.05,2,0,1,0
68,55,69.75,2,2,0,0
62,31,46.31,2,4,0,1
30,31,92.44,3,5,0,1
21,42,38.96,2,2,1,0
18,57,109.22,4,3,1,0
66,55,63.09,4,4,0,0
57,42,39.8,3,2,0,1
49,53,63.8,2,3,0,0
51,56,60.87,2,4,1,0
45,34,62.89,1,1,1,0
48,9,78.56,4,9,1,1
25,22,72.12,3,8,1,1
56,13,34.98,2,9,1,1
43,25,26.56,1,7,0,1
51,48,92.94,3,5,0,1
20,18,75.97,3,9,0,1
67,51,55.9,4,2,1,0
29,12,100.84,2,1,1,0
18,40,58.81,3,6,0,1
61,17,99.6,1,7,0,1
22,15,50.58,1,9,1,1
47,42,27.28,3,0,0,0
47,15,113.26,1,5,0,1
34,15,59.46,3,6,1,1
65,55,99.27,1,8,1,0
64,39,47.91,3,2,1,0
40,13,84.64,3,1,1,0
32,17,107.33,3,4,1,1
54,32,24.16,1,9,0,1
38,9,103.06,3,0,1,0
31,40,77.13,4,5,1,0
19,20,80.75,3,8,1,1
28,26,72.32,2,9,1,1
68,27,107.45,2,8,0,1
56,21,24.34,4,6,1,0
55,18,46.1,3,6,0,1
51,13,107.58,2,7,0,1
55,16,95.23,3,9,1,1
67,9,21.76,2,1,1,0
51,12,71.7,1,5,1,1
35,44,72.96,1,4,1,0
47,38,60.09,4,4,1,0
32,19,49.74,4,2,1,0
44,7,88.17,3,2,1,0
68,57,40.78,4,5,0,1
51,35,99.89,3,9,1,1
69,48,100.3,1,9,1,1
55,18,61.53,1,6,0,1
50,16,48.35,2,0,1,0
41,55,48.39,3,2,1,0
32,39,68.23,1,0,1,0
47,4,91.96,1,9,1,1
59,59,55.89,3,2,0,0
68,25,81.0,2,4,1,0
34,32,58.25,2,8,1,1
22,40,50.45,2,2,0,0
46,13,22.49,2,9,1,1
21,45,20.39,1,9,0,1
27,17,42.72,3,8,1,1
34,49,60.64,3,0,1,0
27,37,105.13,1,5,1,1
34,6,99.85,1,8,1,1
37,19,46.72,1,4,1,0
41,13,44.45,4,9,0,1
22,57,42.73,3,1,1,0
51,26,53.92,3,4,0,1
23,14,69.82,3,0,0,1
19,31,63.87,2,8,1,0
30,54,41.83,1,9,1,0
60,4,33.05,1,9,0,1
60,39,21.26,1,8,0,1
65,8,35.4,4,5,1,0
28,25,90.54,3,8,0,1
68,13,44.36,1,2,0,1
64,32,66.86,4,3,0,1
40,59,79.13,1,5,0,1
33,38,108.68,2,3,1,0
48,38,108.89,3,0,1,0
28,56,94.57,4,6,1,0
33,28,23.52,1,4,0,1
25,53,77.51,3,7,0,1
21,30,98.66,4,8,0,1
57,3,21.73,3,4,0,1
21,28,74.97,3,7,0,1
42,3,105.78,2,0,0,1
20,45,67.41,3,0,0,0
49,54,20.41,4,6,1,0
20,34,21.1,3,5,0,1
44,16,61.66,4,4,0,1
46,22,35.5,3,4,0,1
49,32,86.45,1,8,0,1
67,38,90.88,2,0,1,0
68,8,37.79,1,7,0,1
36,55,108.85,2,1,0,0
38,8,64.19,4,6,0,1
22,57,34.28,2,5,0,0
35,6,96.43,3,9,1,1
45,14,99.0,3,1,1,0
59,32,83.93,1,2,0,1
39,35,105.35,2,3,1,0
38,10,93.74,4,6,0,1
23,3,108.22,4,7,0,1
18,59,63.39,3,1,0,0
22,12,94.76,4,7,1,1
58,49,119.98,3,8,0,1
29,59,92.49,3,6,1,0
43,31,31.42,3,0,1,0
63,29,71.83,1,5,0,1
51,5,78.73,1,7,1,1
66,52,37.42,3,4,1,0
31,25,116.29,3,1,1,0
43,41,37.56,3,4,1,0
62,31,37.76,4,7,0,1
44,21,111.52,3,1,0,1
26,58,66.52,3,0,0,0
43,20,26.32,2,3,1,0
64,39,79.82,2,3,1,0
39,22,80.18,2,8,1,1
64,4,26.45,2,2,1,0
47,13,117.25,3,3,0,1
60,45,74.4,2,2,1,0
65,42,75.98,4,1,1,0
34,50,72.01,4,3,1,0
43,49,81.07,2,7,1,0
53,20,46.43,1,0,1,0
18,52,48.72,4,7,1,0
25,13,71.13,4,7,1,1
66,17,100.67,2,2,1,0
52,54,24.99,2,9,0,1
69,36,80.34,3,9,1,1
32,33,100.68,4,5,0,1
64,1,35.69,2,3,1,0
39,15,21.5,2,0,0,1
31,13,51.27,3,0,1,0
43,17,78.81,4,4,1,1
45,24,33.83,2,7,0,1
40,58,62.61,3,0,0,0
31,8,75.23,2,1,1,0
41,50,79.89,1,6,1,0
19,27,47.44,1,7,0,1
62,45,60.0,2,2,0,1
43,23,97.83,4,7,1,1
31,46,114.12,1,0,1,0
68,8,106.19,3,8,0,1
24,8,76.43,2,1,1,0
20,59,61.03,3,1,1,0
64,26,53.3,1,3,0,1
40,47,32.5,4,9,1,1
63,59,30.66,3,2,0,0
60,13,88.84,1,3,0,1
64,39,45.98,1,5,0,1
62,37,45.47,1,6,1,0
35,49,119.82,3,4,1,0
55,28,38.79,1,1,1,0
52,25,34.81,2,2,0,1
68,16,29.87,1,9,0,1
32,55,77.98,2,2,1,0
42,2,82.79,4,4,0,1
54,54,56.52,2,4,0,0
45,18,73.54,4,3,1,0
27,17,98.84,4,7,1,1
56,30,101.81,2,5,0,1
34,39,115.79,4,5,1,1
56,13,102.43,2,0,0,1
39,32,76.48,3,5,1,0
43,50,37.97,4,2,1,0
61,29,29.98,2,5,1,0
42,46,25.45,4,9,1,0
34,30,86.65,1,5,0,1
30,18,100.75,2,1,0,1
37,13,70.87,1,0,0,1
42,43,25.47,4,2,1,0
21,21,73.55,4,4,1,1
27,30,113.57,3,3,1,0
20,21,79.76,2,6,1,1
58,48,100.94,1,3,0,1
62,55,100.02,3,7,1,0
35,17,113.21,4,6,0,1
64,40,97.02,4,9,0,1
53,19,94.77,3,8,1,1
64,52,43.41,1,0,1,0
39,15,25.99,4,4,0,1
51,9,71.76,4,3,1,0
64,52,32.44,2,5,1,0
25,10,116.22,3,0,0,1
57,44,48.99,4,5,1,0
66,31,105.29,1,0,0,1
61,53,58.76,2,0,0,0
36,23,52.32,3,7,0,1
59,52,113.52,1,1,0,1
58,30,56.33,4,9,1,1
54,33,59.03,3,5,1,0
23,57,30.61,3,5,0,1
69,52,87.04,1,5,0,1
43,9,48.88,3,7,0,1
51,54,78.56,1,3,1,0
62,47,79.14,4,2,0,1
23,1,91.92,2,5,1,1
54,44,94.52,1,3,1,0
50,35,71.45,2,1,1,0
39,11,53.1,3,5,1,1
38,34,103.75,1,9,0,1
23,16,50.99,4,4,1,0
23,9,70.75,1,8,0,1
65,32,60.13,1,5,0,1
21,15,105.51,1,2,1,0
47,12,63.19,2,4,1,0
28,33,58.61,2,9,1,1
47,45,88.98,3,7,0,1
48,14,80.24,3,8,1,1
41,57,30.72,3,7,0,1
26,57,70.82,3,2,0,0
20,8,93.55,1,8,0,1
68,8,119.21,2,2,1,0
48,27,82.91,2,7,1,1
57,12,57.03,2,9,1,1
54,1,42.62,2,8,0,1
53,43,107.28,3,6,0,1
41,40,101.46,1,3,0,1
48,42,43.39,2,9,1,0
23,51,40.06,4,8,1,0
19,11,91.51,1,2,1,0
37,39,51.5,4,2,1,0
45,43,50.64,1,1,0,0
28,31,35.23,1,9,0,1
21,17,46.4,1,2,1,0
32,33,62.75,4,0,1,0
23,32,93.28,2,3,1,0
66,58,53.63,2,7,1,0
47,29,52.86,4,4,1,0
55,21,48.49,2,1,0,1
68,21,67.83,3,2,0,1
19,40,38.06,2,0,1,0
32,23,68.56,3,1,1,0
28,56,90.42,3,0,0,0
25,6,22.98,3,1,0,1
43,22,20.98,4,2,1,0
68,50,27.51,2,0,1,0
62,38,73.57,2,8,0,1
61,37,105.45,4,9,1,1
22,45,20.49,4,4,0,1
23,51,113.67,2,7,1,1
43,54,30.63,4,4,0,1
21,8,104.2,4,7,1,1
36,41,68.29,3,6,1,0
37,49,85.94,4,3,0,1
50,35,71.07,3,6,1,0
37,51,67.7,1,5,0,1
66,11,103.49,3,2,1,1
29,24,95.59,3,8,1,1
64,49,68.34,4,9,0,1
18,21,31.16,2,8,0,1
43,51,31.54,1,4,1,0
31,2,100.15,1,7,0,1
55,40,72.94,1,6,1,0
54,19,68.16,2,8,0,1
28,39,88.06,1,6,1,1
53,28,105.88,1,3,1,0
30,59,82.89,2,3,1,0
60,17,96.28,1,7,0,1
20,6,96.53,4,5,0,1
50,19,55.63,4,8,0,1
23,56,47.41,3,9,0,1
67,38,100.12,3,6,1,1
27,28,57.72,3,6,1,1
22,2,110.33,4,3,0,1
40,38,26.97,4,2,1,0
27,55,25.82,4,7,0,1
61,37,112.7,3,6,0,1
19,51,84.85,3,3,1,0
30,52,57.96,3,3,1,0
57,4,95.51,3,0,1,0
19,22,87.23,3,6,0,1
37,26,73.12,3,0,0,1
18,49,29.89,4,9,0,1
54,43,101.22,2,9,1,1
26,36,106.6,2,3,1,0
34,58,37.22,3,2,0,0
26,13,105.05,2,2,1,0
28,52,107.78,2,0,1,0
32,58,74.94,4,3,1,0
41,32,85.62,3,0,0,1
55,17,58.22,3,7,0,1
52,41,48.18,2,0,0,0
47,36,92.2,3,5,0,1
48,55,106.19,3,6,1,0
66,46,85.41,3,9,1,1
22,19,71.16,3,1,1,0
61,58,35.89,2,3,1,0
67,35,25.35,1,2,0,0
31,46,64.57,2,8,1,1
28,40,24.93,4,6,1,0
26,56,76.93,1,1,1,0
51,59,58.27,1,5,0,1
29,28,95.72,1,8,1,1
52,1,50.56,2,2,0,1
52,42,79.3,4,5,1,0
18,18,73.77,2,2,0,1
57,48,20.47,4,2,1,0
39,40,27.24,2,3,1,0
46,33,49.04,2,8,0,1
25,12,108.22,2,7,0,1
28,8,34.7,1,0,0,1
58,24,91.09,2,0,1,0
54,16,117.34,4,6,1,1
31,50,99.06,4,2,0,0
47,4,44.29,4,6,1,1
52,38,110.84,1,8,0,1
38,44,29.31,2,2,1,0
54,27,66.81,2,2,1,0
22,9,108.75,3,1,0,1
36,47,84.13,1,9,1,1
31,16,61.36,4,0,1,0
43,56,49.28,4,8,0,1
21,12,57.51,2,5,1,0
42,31,70.89,4,5,0,1
62,24,51.9,2,7,0,1
59,55,116.9,2,4,1,0
42,14,113.31,3,8,1,1
35,45,107.07,1,4,1,0
57,25,62.18,2,1,0,1
25,34,89.13,2,5,1,0
56,3,110.28,2,8,1,1
57,58,105.04,3,2,1,0
31,24,61.43,2,9,0,1
49,54,31.24,1,3,1,0
68,42,27.56,1,9,1,0
55,9,77.71,4,7,0,1
50,26,84.26,1,5,1,0
40,20,104.98,4,6,0,1
32,40,49.25,1,6,0,1
50,10,36.75,4,3,1,0
42,19,57.9,2,5,1,1
34,3,55.36,3,8,0,1
50,24,33.25,3,2,0,1
64,5,87.23,3,7,1,1
19,3,70.87,2,6,1,1
31,58,92.11,3,3,1,0
57,27,55.27,1,9,1,1
57,16,52.57,4,2,1,0
68,49,67.26,2,6,0,1
56,15,107.74,3,9,1,1
68,35,24.03,1,8,0,1
23,12,100.48,1,9,1,1
23,41,56.9,2,2,1,0
20,53,105.46,2,9,1,1
24,44,100.22,3,8,1,1
68,26,54.88,4,7,1,1
25,47,89.39,3,2,1,0
59,34,35.96,3,7,1,0
69,23,109.63,2,3,0,1
32,31,60.45,3,5,1,0
64,50,65.56,3,9,0,1
46,20,90.58,4,1,0,1
50,12,102.08,1,7,0,1
69,23,43.63,1,8,1,1
47,4,86.14,4,6,1,1
56,23,59.2,1,7,1,0
44,48,56.87,3,6,0,1
53,55,89.0,4,9,0,1
46,48,58.72,4,3,1,0
55,1,54.61,2,0,0,1
50,54,103.59,1,2,0,1
54,25,30.13,2,6,1,0
44,2,87.59,3,6,1,1
50,30,44.87,4,2,1,0
21,3,21.55,3,0,0,1
39,58,36.68,1,9,1,0
19,21,80.67,2,8,1,1
27,25,90.91,1,5,1,1
22,20,22.11,3,6,0,1
27,49,23.64,2,0,1,0
50,52,110.25,1,0,1,0
55,22,27.33,3,3,0,1
30,21,109.42,1,6,1,1
48,33,42.82,4,7,0,1
64,52,94.0,2,9,1,1
53,38,50.97,2,8,1,1
62,15,105.88,2,0,1,0
41,58,90.05,4,3,1,0
69,58,60.18,2,3,1,0
32,46,27.63,4,2,1,0
46,52,93.27,2,6,1,0
25,15,81.69,1,0,0,1
22,46,20.29,1,8,1,0
46,25,20.94,1,7,1,0
64,21,100.88,1,1,1,0
21,24,45.94,4,1,1,0
29,57,83.61,3,7,1,0
62,58,65.42,3,0,1,0
19,5,106.34,1,6,1,1
44,6,111.7,3,8,1,1
48,49,119.68,3,2,1,0
68,43,35.37,2,6,1,0
68,48,106.3,4,5,0,1
53,44,46.6,1,6,0,1
53,47,79.08,3,6,1,0
43,23,70.58,3,9,0,1
60,4,21.8,1,0,1,0
44,27,113.28,2,2,1,0
22,18,27.83,1,9,0,1
37,21,88.82,2,0,1,0
28,28,98.5,3,4,1,0
27,35,99.53,4,2,1,0
57,22,33.55,2,0,0,1
55,40,64.76,2,1,0,0
23,23,102.94,1,9,1,1
25,3,50.27,3,4,0,1
40,40,66.77,4,2,1,0
64,50,47.28,1,5,1,0
43,10,66.36,1,8,0,1
63,25,108.78,4,5,1,1
60,52,65.51,3,1,1,0
29,49,75.59,4,1,0,0
43,8,60.4,1,7,0,1
30,55,66.01,1,7,0,1
57,11,21.52,2,5,0,1
35,5,48.37,4,9,1,1
42,58,63.66,4,6,0,1
50,45,83.38,4,0,0,0
64,53,65.01,1,8,1,0
57,55,53.78,3,4,1,0
60,37,58.81,1,8,0,1
29,56,44.23,2,1,1,0
61,59,112.45,1,7,0,1
53,45,72.17,1,6,1,0
65,38,21.34,1,3,1,0
21,29,21.94,2,2,1,0
22,5,117.3,4,3,1,1
54,9,42.15,3,3,1,0
25,59,100.56,3,9,1,1
59,48,25.83,2,9,1,0
66,2,112.12,4,7,0,1
45,1,107.44,4,3,1,1
48,40,77.11,2,4,1,0
26,51,20.9,1,1,1,0
68,30,45.78,4,3,1,0
46,11,60.68,3,6,1,1
31,28,66.01,2,2,1,0
57,44,49.77,3,0,0,0
58,12,23.29,1,7,0,1
39,39,79.01,2,7,1,0
28,26,72.42,3,5,1,0
40,13,48.3,3,6,1,1
18,59,23.8,1,9,1,0
63,8,119.46,2,1,1,1
54,54,68.2,4,4,1,0
38,28,95.6,4,6,0,1
43,58,65.23,3,8,1,0
63,30,24.32,1,0,0,0
53,9,50.96,3,2,1,0
40,39,52.01,1,5,0,1
18,31,103.84,4,6,0,1
68,58,85.42,3,5,0,1
57,21,47.54,3,0,0,1
32,56,116.77,1,3,1,0
38,47,52.15,2,5,1,0
64,34,119.82,1,7,0,1
26,55,119.62,2,9,1,1
26,31,39.12,4,3,1,0
27,52,51.27,3,6,0,1
69,25,68.6,3,2,0,1
43,12,86.41,1,7,0,1
58,1,72.8,1,0,1,0
52,55,116.94,4,3,0,1
69,22,92.4,4,7,0,1
42,40,41.2,2,9,0,1
43,37,30.51,4,3,1,0
28,47,88.84,4,1,1,0
55,1,35.85,4,1,0,1
19,1,98.77,4,3,1,1
24,57,51.1,2,3,1,0
35,42,52.69,4,1,0,0
44,54,21.08,2,6,0,1
51,42,90.1,1,5,1,0
44,21,31.33,3,2,1,0
34,15,97.29,1,7,1,1
60,17,69.19,4,7,1,1
61,22,98.43,3,0,0,1
68,38,78.39,4,2,0,1
41,35,28.24,4,4,1,0
42,45,96.57,1,1,1,0
24,16,26.98,4,4,0,1
69,8,67.87,1,9,1,1
23,47,37.23,4,2,1,0
41,17,95.23,2,8,0,1
50,17,111.16,3,0,1,0
66,54,75.41,1,3,0,1
46,26,72.71,1,9,1,1
60,13,96.4,3,5,1,1
39,17,20.51,1,8,0,1
43,38,111.78,3,2,1,0
45,17,39.74,2,2,1,0
67,48,118.41,4,4,0,1
38,14,93.63,2,6,0,1
66,45,97.43,4,4,0,1
24,6,85.62,3,7,1,1
34,35,67.17,2,4,0,1
37,46,77.16,4,6,1,0
58,14,24.64,3,5,0,1
66,47,82.4,4,9,0,1
37,8,82.61,1,1,1,0
39,15,109.12,1,2,1,1
45,54,70.57,3,3,1,0
57,27,27.71,4,4,1,0
66,13,50.62,1,8,1,1
24,49,85.56,2,5,0,1
18,31,43.93,4,0,0,1
49,53,48.05,4,2,0,0
30,56,102.05,1,6,1,0
47,35,78.43,1,7,1,0
40,6,70.85,3,6,0,1
68,5,51.85,4,4,0,1
36,22,93.09,2,9,0,1
49,58,48.77,1,7,1,0
47,49,93.71,4,8,1,0
46,23,27.01,1,6,0,1
66,25,106.45,3,8,1,1
62,34,69.96,4,0,1,0
46,26,63.85,4,8,0,1
47,47,81.1,3,2,1,0
33,5,82.42,2,5,1,1
57,26,33.2,1,7,0,1
36,20,95.62,3,2,1,0
35,6,47.59,4,3,0,1
18,6,110.5,3,6,1,1
31,59,101.79,4,6,1,0
68,50,54.63,3,3,1,0
64,18,100.77,2,8,0,1
67,4,55.64,4,2,0,1
19,17,30.09,3,7,1,0
45,57,116.19,2,7,0,1
66,14,85.26,2,3,1,1
67,14,65.61,1,6,0,1
47,13,59.78,4,3,1,0
55,7,52.47,1,0,1,0
68,44,118.14,2,0,1,0
21,55,33.47,1,0,0,0
18,15,51.48,1,1,1,0
25,19,68.55,3,5,0,1
46,43,67.8,1,9,1,1
56,47,67.14,2,4,0,1
20,44,37.58,1,1,1,0
49,35,34.49,4,7,1,0
27,17,45.48,3,8,1,1
27,35,111.45,2,6,1,1
36,19,31.31,1,8,0,1
63,20,95.74,4,3,1,1
51,36,95.75,2,6,0,1
50,35,100.98,1,4,1,0
40,32,108.66,3,4,1,0
45,58,46.3,1,2,1,0
49,48,42.46,2,8,0,1
67,44,66.55,2,9,0,1
24,40,46.51,2,4,1,0
46,24,93.43,4,5,1,1
25,17,83.59,1,2,0,1
18,7,107.5,1,9,0,1
20,43,28.27,1,6,0,1
41,50,111.51,3,8,1,1
40,1,49.33,4,8,1,1
25,35,69.07,4,9,0,1
64,32,63.86,3,9,0,1
54,36,96.03,4,4,1,0
20,13,62.03,3,6,0,1
68,6,114.36,2,2,1,0
50,58,110.25,2,5,1,0
45,14,107.22,4,7,1,1
64,37,27.13,2,7,1,0
25,48,105.43,2,1,1,0
51,15,98.16,2,5,0,1
52,47,30.35,1,6,1,0
49,4,30.74,2,6,0,1
41,40,30.12,1,2,1,0
31,59,21.13,3,8,0,1
49,16,74.86,3,1,1,0
63,28,117.34,3,2,0,1
60,16,63.87,3,1,0,1
33,4,74.08,3,8,0,1
21,45,116.8,2,3,1,0
69,26,45.52,2,1,1,0
54,28,105.85,2,2,0,1
38,32,74.64,3,3,0,1
31,45,76.95,3,9,0,1
48,2,54.32,1,5,0,1
65,31,76.16,4,4,1,0
35,3,27.31,2,2,1,0
24,54,96.46,4,9,1,0
27,8,48.47,3,7,1,1
24,24,108.76,3,7,1,1
50,15,56.79,3,6,1,1
40,43,34.28,4,2,0,0
38,31,89.59,1,0,0,1
36,9,36.46,3,4,1,0
65,39,95.37,1,0,0,1
36,45,116.81,1,5,0,1
53,2,97.96,2,6,1,1
46,8,22.24,4,4,1,0
35,7,79.99,3,3,1,1
19,56,89.54,1,1,1,0
18,44,102.55,4,4,0,1
64,51,25.6,4,8,1,0
22,39,68.01,3,3,0,1
37,42,73.54,2,1,1,0
28,57,36.91,2,5,1,0
59,16,52.24,1,7,1,1
19,35,64.02,2,1,1,0
20,30,103.32,2,8,1,1
40,10,112.94,2,6,1,1
29,38,82.84,4,1,0,1
37,18,59.49,3,4,1,0
22,50,45.4,4,4,1,0
54,5,118.21,4,6,1,1
55,53,118.3,3,4,1,0
47,29,112.5,4,5,1,1
26,39,98.57,1,8,0,1
51,34,52.58,1,2,0,1
61,43,101.7,4,2,1,0
52,45,60.88,2,7,1,0
69,23,52.68,4,9,0,1
39,5,94.49,2,5,1,1
61,30,27.97,4,9,1,1
41,6,24.86,1,2,1,0
34,56,64.8,2,1,0,0
27,58,64.56,1,1,1,0
47,46,109.56,4,1,1,0
63,44,32.62,3,4,1,0
40,4,32.33,2,4,0,1
49,29,34.75,2,0,0,1
34,23,22.97,4,1,0,1
67,6,27.17,4,1,1,0
68,32,85.99,2,3,0,1
34,42,63.16,3,6,1,0
31,18,96.36,4,2,0,1
26,15,119.26,4,4,0,1
57,40,85.9,4,8,0,1
19,58,25.05,3,4,1,0
62,32,30.46,2,8,1,0
42,9,108.1,1,0,1,0
56,37,72.75,4,8,1,1
26,10,102.48,3,4,0,1
39,20,105.66,2,7,1,1
60,6,112.77,2,4,1,1
63,48,114.98,3,5,1,0
21,56,75.48,4,7,0,1
43,59,54.1,1,1,1,0
46,3,116.19,4,2,0,1
62,42,74.74,2,8,0,1
51,11,26.43,1,4,0,1
40,43,84.28,4,4,0,1
54,17,78.77,1,8,1,1
28,32,109.58,3,9,1,1
23,4,85.32,4,2,1,1
35,4,54.91,2,3,0,1
38,17,116.62,2,6,0,1
59,41,100.16,1,1,0,1
53,19,83.04,3,7,1,1
58,5,49.29,4,4,0,1
55,32,57.35,3,0,1,0
51,22,87.0,3,2,0,1
34,56,27.2,1,8,1,0
54,6,45.67,1,4,0,1
42,35,91.39,4,7,0,1
55,22,68.0,2,0,0,1
29,1,60.24,4,6,0,1
40,20,35.15,3,6,0,1
59,22,64.18,1,7,1,1
39,48,97.07,3,2,0,0
38,55,46.4,1,0,0,0
44,11,20.54,2,8,0,1
48,13,86.85,3,0,1,0
23,59,117.26,1,5,1,0
44,42,80.68,4,8,1,0
57,3,31.99,4,1,0,1
51,9,52.07,4,3,0,1
29,12,106.76,3,1,0,1
62,23,43.26,1,3,1,0
24,14,80.77,1,1,1,0
27,33,60.27,1,0,1,0
62,18,40.78,3,2,1,0
34,49,101.34,1,7,1,1
43,59,94.28,2,4,1,0
38,41,86.16,3,3,0,1
45,9,43.63,2,4,0,1
63,23,29.79,2,5,1,0
19,10,77.62,4,5,0,1
60,19,75.37,3,4,1,0
18,47,38.84,1,5,1,0
68,5,25.62,2,8,1,1
53,47,28.07,3,4,0,1
68,52,119.28,1,5,1,0
43,23,98.36,4,3,1,0
46,30,112.2,3,2,0,1
38,25,39.51,3,5,0,1
28,28,116.06,3,4,0,1
57,34,34.27,1,3,1,0
28,45,70.91,2,4,0,1
53,56,102.97,2,6,1,0
66,48,54.98,3,0,1,0
56,47,62.48,3,0,0,0
57,25,32.82,1,0,1,0
52,10,32.29,4,1,0,1
51,14,81.96,3,8,1,1
64,42,87.55,3,4,0,1
41,57,97.73,4,8,0,1
39,46,75.67,3,4,0,1
22,58,84.58,2,6,1,0
50,30,21.35,3,5,0,1
53,55,36.22,2,1,0,0
64,41,118.49,1,2,0,1
37,25,27.6,1,4,0,1
36,14,87.88,2,3,1,1
52,35,37.61,2,5,1,0
69,52,91.67,4,7,1,0
60,48,90.6,2,7,0,1
34,34,43.42,2,2,0,1
62,10,46.96,3,3,1,0
60,35,85.48,4,0,1,0
51,11,59.01,2,1,0,1
26,11,39.45,2,8,1,1
43,21,93.17,2,9,1,1
19,21,35.41,3,9,0,1
26,22,105.56,3,1,1,0
26,45,71.47,3,5,0,1
57,7,30.57,1,6,1,1
34,55,89.41,3,5,1,0
18,17,71.92,2,7,0,1
42,2,49.81,3,8,1,1
60,12,62.25,3,7,1,1
57,57,49.83,4,4,1,0
59,42,46.3,2,7,0,1
42,18,36.36,3,9,1,1
56,54,56.28,1,9,1,0
52,59,45.1,4,8,0,1
20,11,88.34,3,7,0,1
67,16,88.39,4,1,1,0
54,49,70.18,4,1,1,0
61,51,97.79,1,2,0,0
61,18,104.13,1,6,1,1
68,35,77.98,1,8,1,1
47,53,81.89,2,7,0,1
55,59,48.29,4,8,0,1
51,26,109.49,3,5,1,1
29,16,22.42,1,0,1,0
36,6,54.86,1,3,1,0
54,57,92.18,4,5,0,1
61,44,28.01,4,5,1,0
66,43,38.32,4,7,1,0
34,47,78.93,3,0,0,0
27,47,76.0,2,1,0,0
66,48,93.89,2,1,1,0
64,42,101.26,1,5,0,1
29,12,32.86,2,6,0,1
33,13,21.84,3,1,0,1
41,4,88.96,2,4,0,1
36,39,50.14,3,5,1,0
25,54,82.6,1,3,0,1
48,2,35.05,4,0,1,0
38,26,66.9,3,2,1,0
34,59,70.44,4,9,1,1
40,27,78.51,1,8,0,1
54,27,71.32,3,5,1,0
33,15,69.57,3,1,1,0
23,8,53.27,2,8,1,1
25,7,27.12,3,3,1,0
42,47,28.95,1,7,1,0
35,55,63.38,4,9,1,0
42,46,55.58,3,6,1,0
29,40,71.61,1,2,1,0
32,12,50.48,1,7,0,1
43,13,88.79,3,3,0,1
58,43,106.4,2,1,1,0
62,17,49.89,3,4,0,1
43,17,39.3,3,0,1,0
64,56,31.62,2,7,0,1
49,36,81.63,1,7,1,0
27,21,64.39,3,2,1,0
33,8,38.8,2,0,0,1
24,5,85.31,4,3,1,1
34,26,34.85,4,8,1,0
40,16,75.43,2,8,1,1
43,36,72.71,1,0,1,0
38,28,93.42,2,6,0,1
39,54,25.51,1,5,1,0
24,29,108.79,4,6,0,1
31,47,90.3,3,6,0,1
32,12,41.61,2,7,1,1
24,37,38.34,4,7,1,0
26,30,63.17,3,9,1,1
68,23,101.76,4,1,1,0
65,16,104.29,2,3,0,1
25,14,72.05,2,3,1,0
67,10,106.08,3,9,1,1
40,7,20.54,2,7,0,1
46,45,23.52,4,2,1,0
35,52,111.18,3,2,1,0
48,37,97.53,3,1,0,1
47,29,65.07,4,0,1,0
69,3,95.36,1,7,0,1
56,15,115.56,3,8,0,1
52,36,97.21,1,8,1,1
35,47,104.24,4,7,1,1
59,46,96.06,4,4,1,0
56,52,36.82,3,0,1,0
34,19,103.36,2,8,1,1
31,13,39.51,3,5,1,0
48,42,109.26,2,6,0,1
41,21,65.86,1,7,1,1
52,37,87.7,2,4,0,1
61,27,69.72,3,5,1,1
62,55,29.4,2,6,1,0
51,52,49.07,4,6,0,1
20,29,118.37,1,1,1,0
54,20,116.07,4,0,1,0
60,25,52.05,4,7,0,1
57,6,119.63,4,4,0,1
43,36,104.56,4,9,1,1
40,2,81.1,2,1,0,1
61,22,24.01,4,2,1,0
56,32,110.14,2,5,1,0
32,16,75.74,4,9,1,1
66,18,106.85,3,5,0,1
21,5,103.44,4,7,1,1
46,54,103.3,3,4,0,1
39,36,89.82,2,4,1,0
42,30,49.14,1,6,0,1
30,45,53.62,2,9,1,0
35,19,50.85,1,4,1,0
50,23,22.0,1,8,1,1
33,34,78.26,4,5,0,1
62,13,89.88,1,6,0,1
59,43,105.39,2,7,1,1
61,54,34.02,4,4,0,0
19,29,74.42,1,3,1,0
52,36,20.8,2,7,0,1
59,22,29.51,1,9,1,1
51,52,25.42,1,8,1,0
47,52,92.55,4,0,0,0
30,47,28.11,4,2,1,0
30,36,91.65,2,3,0,1
35,9,44.96,4,6,0,1
49,39,107.77,4,5,0,1
49,51,101.31,3,9,1,1
52,19,115.78,3,9,1,1
56,38,108.38,2,0,1,0
63,6,113.33,4,3,0,1
69,52,105.87,2,5,1,0
46,47,89.34,3,2,0,1
66,15,37.03,3,1,0,1
46,57,47.17,3,1,0,0
61,20,41.27,2,9,1,1
33,9,80.36,4,3,1,0
61,32,70.36,1,0,0,1
64,4,106.71,4,9,1,1
27,50,115.27,2,1,0,1
47,18,60.49,3,9,1,1
42,5,70.64,1,1,0,1
56,20,117.15,2,3,0,1
37,23,47.62,3,3,1,0
22,11,99.24,2,0,1,0
18,37,42.52,1,6,1,0
47,22,88.15,3,6,1,1
66,58,45.36,4,9,1,0
20,4,108.37,2,9,1,1
62,29,76.15,1,9,1,1
31,44,38.59,4,0,0,0
47,34,42.44,1,7,1,0
67,13,69.38,2,9,1,1
21,42,116.16,1,6,0,1
35,9,96.96,3,6,1,1
54,42,68.83,1,5,0,1
42,31,53.77,2,3,1,0
65,7,74.93,3,7,0,1
18,4,94.84,1,1,0,1
63,19,98.39,1,6,0,1
32,42,52.46,3,2,1,0
26,30,92.12,4,2,0,1
32,31,85.78,4,6,1,1
66,35,115.91,3,2,1,0
41,57,113.11,1,4,0,1
21,21,98.94,4,7,1,1
29,31,92.34,3,3,0,1
54,19,47.4,2,6,1,1
54,31,104.6,1,6,1,0
60,53,62.75,2,1,0,0
23,32,47.22,1,7,0,1
56,2,58.42,4,9,1,1
63,59,103.59,2,9,1,0
41,52,34.86,2,8,0,1
28,10,65.62,3,5,0,1
30,2,69.24,4,4,1,1
51,2,23.66,4,0,0,1
42,24,39.57,1,0,1,0
24,17,102.67,3,8,1,1
69,32,103.08,3,3,0,1
21,16,49.24,1,0,1,0
25,16,107.49,2,9,1,1
37,46,97.18,1,2,1,0
46,39,61.79,1,5,1,0
68,53,94.84,1,7,1,0
62,31,116.13,3,9,1,1
63,43,65.9,1,1,0,0
27,24,43.84,1,7,1,1
60,1,114.18,1,0,0,1
51,11,80.37,4,1,0,1
43,55,30.53,2,7,1,0
58,21,77.27,2,6,1,1
66,4,70.06,2,4,1,1
20,7,105.56,2,9,0,1
23,26,73.07,3,1,1,0
22,47,45.52,3,8,1,0
22,50,87.56,1,4,1,0
64,12,74.26,3,7,1,1
40,31,43.3,2,3,1,0
66,17,77.36,4,8,1,1
26,33,102.15,1,9,0,1
52,11,22.86,1,6,1,1
37,28,83.09,2,1,0,1
66,32,54.96,2,2,1,0
59,1,49.27,2,1,1,0
52,47,59.26,3,4,0,1
67,28,54.2,1,1,1,0
35,53,103.22,2,4,1,0
34,42,47.48,4,8,0,1
41,7,93.32,1,1,0,1
20,2,29.41,1,8,0,1
49,42,115.14,3,6,0,1
52,24,82.23,1,6,1,1
55,4,90.67,2,4,1,1
30,44,49.8,2,7,0,1
64,19,61.21,4,6,1,1
42,26,42.38,1,5,1,0
26,11,113.25,1,1,1,0
21,40,68.81,3,5,0,1
31,50,83.04,2,1,1,0
54,43,93.43,4,0,0,0
51,11,57.11,2,8,1,1
28,45,92.01,1,4,1,0
58,3,87.6,1,9,0,1
20,12,90.57,4,9,1,1
45,3,68.92,1,3,1,1
46,42,58.29,4,7,0,1
26,27,42.21,4,4,1,0
20,49,102.46,2,6,1,0
42,54,80.84,4,2,1,0
51,2,64.44,1,7,1,1
29,49,114.4,3,7,0,1
59,16,24.78,3,2,1,0
26,2,105.02,1,8,1,1
32,54,119.76,3,7,0,1
57,30,108.69,3,0,1,0
42,20,101.04,4,7,1,1
22,38,57.43,3,3,1,0
28,28,43.13,3,5,1,0
51,25,93.49,3,9,0,1
41,32,50.46,2,8,0,1
32,10,37.6,1,4,0,1
55,42,98.65,4,6,1,1
25,40,51.25,3,0,0,0
22,33,111.44,1,8,0,1
65,13,104.06,3,5,0,1
43,56,104.76,2,3,0,1
35,41,97.16,2,5,1,0
23,54,108.09,3,4,1,0
54,42,100.57,3,2,0,1
65,47,80.25,3,6,1,0
30,37,49.58,2,2,1,0
45,54,108.82,2,1,1,0
22,16,104.06,1,3,1,0
30,45,67.29,4,6,1,0
34,22,23.91,4,4,0,1
67,57,83.85,2,8,1,0
57,20,25.06,4,9,1,1
62,50,112.63,3,6,0,1
49,43,116.16,1,8,0,1
46,27,38.95,2,8,1,0
68,41,87.64,2,1,1,0
20,16,29.23,4,0,1,0
57,34,92.95,3,3,1,0
51,32,54.73,1,3,1,0
57,26,88.11,4,1,0,1
44,25,57.29,2,2,1,0
30,2,34.56,2,2,1,0
62,12,60.61,4,4,1,0
50,40,31.27,3,0,0,0
23,9,77.69,1,8,0,1
41,12,24.1,1,7,1,0
36,26,72.73,1,7,1,1
33,9,108.64,1,2,1,1
57,10,103.79,3,1,1,0
45,32,108.28,2,0,1,0
50,57,112.2,2,5,1,0
65,34,30.45,1,9,0,1
58,48,32.87,1,0,0,0
30,20,75.7,1,4,1,0
60,39,109.4,4,8,0,1
62,2,117.43,4,8,1,1
42,1,24.63,2,3,1,0
59,51,55.58,2,6,1,0
53,36,41.29,1,6,1,0
44,24,95.6,4,3,1,0
55,54,84.02,3,4,1,0
24,27,31.99,4,8,1,1
22,2,68.35,2,6,0,1
60,31,88.54,4,6,0,1
62,57,97.9,2,9,1,0
68,14,22.01,1,6,1,1
48,2,109.05,3,8,1,1
40,29,76.93,1,4,0,1
59,15,101.19,1,5,0,1
27,12,100.79,3,2,1,0
49,37,38.99,3,0,1,0
60,28,31.02,3,1,1,0
47,20,92.13,2,7,1,1
56,39,35.64,1,0,1,0
48,24,104.99,2,9,1,1
35,21,92.62,3,6,0,1
53,10,104.18,2,4,1,1
19,46,49.9,3,5,1,0
31,14,51.66,4,7,1,1
30,37,87.12,3,3,1,0
46,18,23.14,1,5,0,1
29,24,92.65,1,2,1,0
56,14,103.58,1,6,0,1
19,34,61.52,2,1,0,1
49,58,96.49,1,7,1,0
30,12,37.46,3,6,0,1
63,22,52.23,4,7,1,1
44,56,117.43,1,1,0,1
66,6,118.63,2,2,0,1
58,36,71.26,4,3,0,1
34,45,113.43,1,8,0,1
57,36,72.27,1,4,1,0
48,22,49.16,4,5,1,0
51,14,46.69,1,0,1,0
41,16,112.95,2,3,0,1
62,36,37.24,3,3,1,0
52,56,77.96,3,9,1,1
65,25,75.55,4,7,0,1
23,32,93.96,3,7,1,1
36,33,69.92,1,9,1,1
47,45,47.23,1,5,1,0
24,36,36.94,2,7,1,0
27,20,82.08,3,8,1,1
58,18,91.9,4,4,0,1
49,38,76.95,1,0,1,0
51,3,93.84,4,0,1,0
45,23,34.15,1,1,0,0
32,32,108.25,1,1,1,0
47,45,78.24,2,4,1,0
54,59,32.68,3,6,1,0
46,16,66.19,2,6,1,1
39,59,104.48,3,3,0,1
21,5,109.76,4,3,1,1
37,4,46.46,3,9,1,1
49,21,91.13,4,2,1,0
53,40,30.0,1,1,1,0
67,51,23.35,4,2,1,0
21,14,76.04,4,7,1,1
44,39,89.48,1,0,1,0
34,31,99.58,4,3,1,0
29,14,54.02,4,6,0,1
39,6,20.65,1,4,0,1
34,12,67.95,1,1,1,0
27,16,21.59,1,0,1,0
18,17,29.2,3,5,1,0
39,45,52.67,1,4,1,0
43,23,63.72,1,2,0,1
35,14,47.95,4,8,1,1
67,7,78.19,2,2,1,1
31,46,25.53,2,1,1,0
64,32,34.46,3,4,0,1
46,15,89.53,3,8,1,1
29,44,34.21,2,7,0,1
53,17,83.98,2,5,1,1
52,41,25.47,1,2,1,0
69,54,60.74,4,5,0,1
29,47,37.74,1,4,1,0
24,44,30.96,3,0,1,0
46,34,76.7,2,4,1,0
28,5,112.83,3,6,1,1
50,45,25.48,1,8,0,1
23,27,62.16,3,0,0,1
64,52,90.75,3,2,1,0
32,23,66.27,4,7,1,1
49,40,100.65,3,5,1,0
68,59,37.96,1,4,0,0
28,14,115.96,4,9,0,1
40,15,58.52,3,1,1,0
43,43,54.16,1,2,1,0
51,33,107.46,2,1,0,1
63,53,76.39,4,0,1,0
51,31,71.64,3,6,0,1
46,35,92.7,3,2,1,0
21,17,77.98,4,6,1,1
34,28,36.25,1,6,1,0
52,19,87.42,3,7,1,1
30,46,33.35,1,0,1,0
58,54,100.59,4,4,1,0
56,23,118.97,3,9,0,1
32,32,57.74,2,8,1,1
46,40,64.48,2,6,1,0
46,13,24.64,2,0,0,1
28,59,21.37,4,7,1,0
69,20,112.14,3,2,1,0
49,35,32.86,4,3,1,0
19,5,64.58,3,3,0,1
64,9,101.54,2,9,1,1
31,29,108.93,2,7,0,1
37,6,71.94,1,0,1,0
39,25,76.5,4,7,1,1
28,31,86.97,4,8,1,1
44,22,116.14,1,8,1,1
20,2,80.27,2,4,1,1
34,45,75.95,2,3,0,1
61,5,21.45,4,3,1,0
45,27,28.09,3,8,1,0
46,25,77.72,2,7,0,1
38,8,113.62,1,9,0,1
64,55,106.67,1,9,1,1
33,1,118.26,1,6,1,1
54,20,72.78,4,2,1,0
37,44,98.79,4,3,0,1
23,23,104.04,4,8,0,1
36,32,84.8,4,7,1,1
22,11,53.87,1,0,1,0
20,39,67.0,1,2,1,0
18,47,105.79,4,9,1,1
55,54,49.85,4,1,1,0
32,24,112.37,1,1,1,0
51,11,42.98,4,7,0,1
52,29,94.95,4,5,0,1
66,54,83.06,4,5,0,1
42,26,94.96,4,3,0,1
41,16,63.73,2,0,0,1
29,35,113.26,4,6,0,1
35,20,83.25,1,7,1,1
32,46,48.83,1,1,0,0
61,3,83.85,1,1,0,1
33,1,48.68,1,0,1,0
44,58,49.36,4,3,1,0
25,53,59.96,2,5,1,0
63,47,105.24,3,4,1,0
42,1,70.03,3,3,1,1
34,17,87.89,3,3,0,1
46,2,59.2,3,9,0,1
25,29,46.36,1,6,1,0
32,20,115.46,4,6,0,1
44,6,80.36,4,1,0,1
63,8,113.4,3,6,1,1
67,29,40.34,3,1,0,1
69,48,34.69,2,3,1,0
24,51,105.58,2,0,1,0
20,33,88.09,2,4,1,0
46,3,38.66,1,0,1,0
61,35,46.94,4,3,0,1
41,5,100.07,1,8,1,1
20,27,65.39,1,7,0,1
37,44,87.05,4,5,0,1
63,12,51.84,2,7,1,1
32,20,58.12,4,4,1,0
42,45,119.07,3,6,0,1
47,20,44.76,2,7,1,1
31,9,70.65,4,6,1,1
24,39,104.44,1,3,0,1
34,4,43.92,4,4,1,0
61,51,61.52,2,9,0,1
37,54,81.51,3,5,1,0
53,19,68.12,1,5,0,1
26,38,65.95,3,8,1,0
55,27,56.25,3,9,0,1
65,45,78.66,1,1,1,0
39,43,82.44,4,5,1,0
19,13,85.33,4,2,1,0
41,13,27.04,3,1,0,1
25,57,83.1,4,5,0,1
28,22,115.32,2,3,1,0
30,28,74.1,3,4,1,0
34,52,91.53,3,4,1,0
25,47,75.67,3,2,1,0
38,53,105.47,2,3,1,0
35,45,112.96,3,2,0,1
47,22,38.42,4,6,1,1
35,43,63.69,4,0,0,0
63,19,59.24,4,5,0,1
64,8,60.52,4,3,1,0
48,52,32.55,3,0,1,0
55,8,101.36,2,0,0,1
49,42,23.58,1,4,0,1
28,26,72.82,4,4,0,1
62,48,86.19,1,9,1,0
42,51,40.75,1,6,0,1
50,26,110.59,3,3,1,1
55,23,103.85,4,8,0,1
58,43,67.11,4,3,1,0
25,13,61.11,4,6,0,1
28,28,43.66,1,4,0,1
39,9,93.0,4,4,1,1
68,20,33.17,4,5,1,0
41,56,88.02,2,7,0,1
58,19,104.25,3,4,1,1
34,48,42.85,4,2,1,0
29,39,106.64,4,5,0,1
63,51,23.33,3,1,0,0
49,12,111.28,3,7,1,1
32,15,31.84,1,7,1,0
33,31,84.58,1,2,0,1
39,55,45.01,1,7,0,1
45,14,103.66,3,8,1,1
37,11,71.23,2,4,1,1
50,26,33.52,4,4,1,0
27,42,77.1,3,5,0,1
57,27,60.79,2,6,1,1
49,11,86.14,3,2,0,1
67,38,108.19,2,4,0,1
50,34,60.94,3,0,1,0
19,43,48.99,3,9,1,1
50,19,21.45,2,4,1,0
50,6,77.48,2,3,0,1
58,46,60.23,2,0,1,0
30,52,57.46,2,6,0,1
47,38,38.29,2,0,0,0
50,49,63.01,2,7,1,0
30,42,118.44,2,9,1,1
69,28,49.78,2,1,0,1
43,1,79.97,3,9,0,1
39,35,97.65,2,4,0,1
56,40,94.92,2,5,1,0
19,8,52.88,3,8,1,1
55,59,81.09,3,6,0,1
56,52,107.13,1,5,1,0
43,54,21.54,1,4,0,0
63,47,63.57,2,5,0,1
67,56,42.43,2,3,1,0
32,7,58.86,1,0,1,0
51,11,61.6,1,8,0,1
59,39,94.67,4,4,0,1
61,4,29.38,4,7,0,1
66,25,71.26,2,6,1,1
57,12,76.42,4,7,0,1
28,26,69.42,1,0,1,0
20,38,93.19,2,8,0,1
23,46,58.38,3,0,0,0
26,12,114.5,3,2,1,1
23,43,68.18,1,7,0,1
26,51,77.12,4,0,1,0
56,53,102.55,3,0,1,0
48,37,47.52,4,5,1,0
49,46,27.52,3,4,0,1
58,53,90.78,4,5,1,0
67,24,68.3,3,2,0,1
29,16,109.65,3,9,1,1
25,57,118.27,2,9,1,1
25,13,59.91,2,5,0,1
67,25,61.54,1,1,0,1
45,54,60.8,3,7,1,0
37,54,52.46,4,5,1,0
64,57,98.17,3,3,1,0
24,52,95.9,4,3,1,0
28,54,67.86,4,6,1,0
37,4,24.47,3,2,1,0
33,11,50.96,4,2,0,1
21,32,49.23,1,5,0,1
23,49,101.11,2,8,1,1
39,7,28.76,4,0,1,0
43,46,100.57,3,4,1,0
20,58,86.92,2,0,0,0
58,11,93.24,1,0,1,0
59,28,63.22,4,2,0,1
31,54,87.97,4,2,1,0
28,41,80.9,2,3,1,0
35,23,96.9,4,2,0,1
29,45,64.68,3,5,1,0
40,23,67.28,2,3,1,0
29,50,84.36,2,7,1,0
30,28,30.81,4,0,0,1
42,43,63.62,1,7,0,1
62,47,117.2,1,0,0,1
68,57,23.76,1,0,0,0
36,26,51.6,1,6,0,1
63,25,51.41,2,0,0,0
53,54,83.35,2,8,1,0
62,29,30.58,4,7,1,0
25,19,82.85,1,0,1,0
46,33,29.5,1,1,1,0
49,36,29.5,4,1,1,0
68,14,92.82,4,1,1,0
61,14,52.41,4,5,0,1
35,35,117.74,3,3,0,1
23,30,23.74,4,7,1,0
35,28,64.51,4,0,1,0
36,17,31.31,3,9,1,1
39,3,55.14,1,3,1,0
54,16,119.82,2,9,0,1
49,46,108.88,1,4,1,0
58,30,24.83,2,8,1,0
20,52,76.33,2,4,1,0
45,29,84.78,4,2,1,0
27,45,40.95,4,3,1,0
68,15,34.51,3,9,0,1
52,46,110.44,1,6,0,1
46,56,116.88,1,0,0,0
32,25,119.19,2,5,1,1
50,51,98.98,4,7,0,1
24,38,86.35,4,0,0,1
29,42,54.57,1,7,0,1
66,59,37.14,3,6,1,0
47,47,27.9,4,0,1,0
38,53,89.33,3,8,1,1
48,54,98.47,1,2,0,1
41,52,102.65,1,1,0,0
37,58,111.38,3,6,0,1
54,38,107.99,4,2,1,0
21,23,119.97,1,0,1,0
45,25,44.41,2,9,1,1
61,42,96.33,1,2,0,1
37,7,78.65,4,5,1,1
41,22,46.12,2,2,1,0
67,17,118.19,1,4,0,1
66,18,109.79,4,8,0,1
68,49,32.85,4,6,1,0
49,41,22.62,1,1,1,0
58,10,88.83,4,0,1,0
53,10,80.41,3,6,1,1
51,57,113.58,2,3,0,1
53,7,43.4,3,6,1,1
19,48,28.44,1,5,0,1
32,50,45.92,3,6,1,0
51,38,21.89,1,3,1,0
53,27,23.59,1,2,1,0
23,52,111.49,4,4,1,0
56,33,55.2,4,2,1,0
59,1,61.08,1,2,1,1
68,44,21.84,2,3,0,0
68,53,47.05,2,7,0,1
29,34,100.47,2,1,1,0
20,4,81.55,3,3,1,1
62,17,95.38,1,2,0,1
35,4,64.72,4,6,0,1
57,43,50.97,3,1,1,0
38,54,68.28,3,0,1,0
32,26,52.31,4,9,1,1
50,4,103.9,1,0,1,0
52,1,49.77,3,5,1,1
43,7,85.98,1,2,1,0
25,30,33.7,1,6,0,1
53,50,88.69,1,7,1,0
65,9,111.33,4,4,1,1
47,35,80.86,1,4,1,0
40,8,75.99,3,1,0,1
59,24,116.11,4,7,0,1
61,19,82.74,4,9,0,1
31,36,45.96,3,0,1,0
31,50,49.24,4,9,0,1
19,52,90.53,3,8,1,0
54,59,93.54,2,0,1,0
22,43,50.35,3,0,1,0
55,27,54.53,4,0,1,0
62,32,119.11,3,6,1,1
58,14,30.2,2,3,1,0
64,57,60.46,1,6,0,1
31,18,26.24,1,4,0,1
56,28,102.11,1,6,1,1
42,29,29.23,4,9,0,1
37,16,87.4,2,6,1,1
19,35,25.65,3,3,1,0
56,47,87.29,3,1,1,0
23,59,104.3,3,7,0,1
34,59,59.88,3,1,0,0
42,31,72.21,4,8,1,1
45,4,60.15,4,4,1,1
19,37,50.05,2,8,1,0
52,17,100.33,3,8,0,1
54,39,47.2,1,7,1,0
22,48,92.29,4,7,0,1
18,46,40.62,2,3,0,1
57,26,44.99,2,3,0,1
29,48,53.65,4,1,1,0
53,39,78.92,1,3,0,1
62,41,65.44,1,3,0,1
40,4,94.51,3,5,0,1
64,30,41.36,4,2,1,0
48,30,21.07,1,1,1,0
28,22,97.66,4,7,0,1
27,11,102.16,2,1,1,0
20,2,25.95,2,7,1,1
31,44,81.09,2,6,0,1
33,12,57.82,4,2,0,1
27,30,99.39,3,5,1,1
46,36,107.44,3,5,0,1
27,18,105.1,1,9,0,1
29,26,97.72,4,4,1,0
47,53,46.91,3,7,1,0
58,7,101.19,4,4,1,1
18,1,73.35,3,6,1,1
22,58,25.28,2,5,1,0
37,26,65.69,2,6,0,1
25,23,114.22,1,8,0,1
60,26,108.79,2,2,1,0
29,45,30.23,3,9,1,0
18,6,94.41,1,6,1,1
37,6,100.58,1,9,0,1
45,44,47.14,2,2,0,0
60,8,67.16,4,1,0,1
54,24,91.1,2,6,1,1
64,22,63.9,2,3,0,1
54,19,31.28,1,0,1,0
29,37,90.59,2,5,1,0
54,18,111.16,3,5,0,1
66,31,85.25,1,5,0,1
66,37,97.38,2,1,0,1
61,30,55.84,4,0,0,0
45,57,38.32,3,2,0,0
64,42,84.28,4,1,0,1
32,33,52.78,3,5,1,0
23,10,106.01,4,5,1,1
61,37,32.26,2,4,0,1
37,12,63.35,3,9,1,1
67,54,59.67,1,9,1,0
31,30,113.81,1,4,1,0
19,27,35.31,4,8,0,1
26,39,20.98,4,4,1,0
54,9,43.81,4,9,1,1
37,54,102.03,3,5,1,0
43,21,40.93,1,3,1,0
46,12,44.09,2,9,0,1
18,55,32.99,3,0,1,0
52,29,91.54,4,3,1,0
23,33,26.92,1,1,1,0
54,43,53.12,4,9,1,1
22,53,48.25,2,2,0,0
50,15,75.52,2,6,0,1
66,2,93.04,1,6,1,1
68,52,73.29,3,0,1,0
31,39,113.1,2,7,1,1
29,53,115.14,2,6,1,0
59,44,56.15,2,0,0,0
37,54,97.77,2,7,1,0
67,18,93.88,4,1,0,1
41,3,109.3,4,7,1,1
60,7,64.79,3,2,1,0
51,43,73.05,1,9,0,1
42,18,61.58,1,6,0,1
67,44,105.04,1,5,0,1
46,38,42.97,2,4,0,1
56,37,43.97,4,9,1,1
48,58,57.26,4,1,0,0
64,33,43.03,3,1,0,0
60,44,76.1,1,0,0,0
67,59,33.45,4,8,1,0
40,31,52.02,3,7,0,1
61,58,111.34,1,7,0,1
55,11,60.92,2,0,1,0
37,4,94.82,4,4,0,1
40,59,31.35,4,5,0,0
62,18,44.76,1,1,1,0
69,4,100.73,2,9,0,1
33,49,96.3,2,4,1,0
67,34,58.62,4,5,1,0
59,29,115.44,1,8,1,1
25,24,111.06,3,9,0,1
67,22,116.23,4,0,1,0
38,2,62.79,2,9,1,1
18,44,39.75,3,2,0,0
25,6,82.67,1,8,0,1
46,42,88.48,2,0,1,0
49,25,32.54,3,0,1,0
55,55,98.65,4,0,1,0
22,57,21.81,2,6,1,0
64,21,68.27,1,4,1,0
39,55,53.1,2,5,0,1
64,59,94.03,4,7,1,0
51,16,51.28,1,1,1,0
18,31,102.68,4,1,1,0
43,14,79.5,3,2,0,1
60,39,99.39,2,2,0,1
27,28,118.93,4,2,0,1
47,32,87.92,3,3,1,0
67,28,118.5,1,2,1,0
35,51,22.88,1,1,0,0
34,55,53.81,3,8,0,1
43,49,30.79,3,5,1,0
25,9,46.23,1,2,1,0
64,58,103.89,4,8,1,0
57,45,23.23,3,3,0,1
66,22,72.02,4,3,0,1
29,32,76.71,1,7,1,1
44,5,76.12,4,6,1,1
25,23,67.53,4,6,0,1
42,5,99.06,3,9,1,1
63,42,33.35,4,6,1,0
21,53,51.06,4,9,1,0
50,32,81.57,4,4,0,1
18,59,89.1,1,6,1,0
36,10,60.41,1,3,1,1
48,59,107.54,2,7,1,0
33,39,61.55,1,8,1,0
31,58,60.28,1,2,1,0
65,15,23.62,2,6,1,0
22,7,75.11,2,9,1,1
58,29,90.87,3,8,0,1
43,59,31.44,3,0,0,0
45,47,50.54,1,1,0,0
19,3,98.13,4,6,1,1
67,19,56.59,3,1,1,0
23,10,44.16,3,6,0,1
26,28,87.22,1,0,0,1
50,29,39.68,4,2,0,1
58,15,109.57,2,4,1,1
42,35,30.56,2,5,0,1
65,6,90.65,1,8,1,1
30,12,69.95,1,8,1,1
26,47,106.99,4,2,1,0
30,38,32.62,1,7,1,0
48,13,87.79,1,3,1,1
58,29,77.21,1,6,1,1
28,19,68.01,4,5,1,0
21,3,69.14,1,7,0,1
51,8,92.2,3,5,1,1
55,8,113.77,4,3,1,1
63,55,29.13,3,1,0,0
21,58,21.95,4,6,0,1
55,20,100.57,3,3,0,1
36,47,30.82,4,8,1,0
23,4,118.67,2,8,0,1
51,51,81.93,1,6,1,0
35,21,85.09,1,4,0,1
30,3,39.89,4,2,0,1
58,45,44.03,3,2,1,0
40,8,85.94,2,8,1,1
36,23,110.97,3,8,1,1
62,16,118.24,1,3,1,1
28,13,39.8,1,0,0,1
18,3,33.41,3,9,1,1
41,48,25.64,4,4,0,1
24,9,106.83,4,7,0,1
42,14,49.47,3,9,0,1
38,13,20.18,1,3,1,0
32,53,42.38,3,9,0,1
18,57,54.04,1,9,0,1
29,7,119.1,3,3,0,1
24,15,72.35,4,8,0,1
32,7,40.47,2,8,0,1
38,38,53.48,1,6,0,1
36,34,53.03,2,9,0,1
46,41,21.97,4,7,0,1
42,22,33.52,3,3,0,1
50,24,89.52,4,7,1,1
66,49,32.03,2,5,1,0
49,37,43.07,4,2,1,0
66,44,55.07,4,6,1,0
52,1,95.77,3,2,0,1
61,10,78.24,2,6,0,1
55,43,88.9,2,4,1,0
43,16,76.7,2,3,1,0
28,46,88.36,1,2,1,0
52,8,20.28,4,7,1,1
25,56,113.09,2,3,0,1
63,49,31.09,4,7,1,0
31,25,60.62,3,9,1,1
27,50,97.1,3,2,0,1
19,12,63.52,1,9,1,1
63,25,114.68,1,8,0,1
26,17,66.76,3,5,1,1
20,26,107.49,2,4,0,1
38,46,101.08,3,4,0,1
43,48,118.1,4,2,1,0
25,14,112.65,1,1,0,1
65,41,109.81,1,5,1,1
19,36,93.16,3,0,1,0
23,57,56.7,2,6,0,1
45,23,30.61,2,4,0,1
46,43,88.86,4,3,1,0
43,6,117.87,1,8,1,1
42,47,92.66,3,9,1,1
29,5,112.87,3,0,1,0
22,43,100.43,1,3,1,0
51,25,36.31,3,2,0,1
65,18,44.92,1,5,1,0
54,13,54.19,2,4,1,0
32,43,36.83,2,6,1,0
61,14,78.17,3,0,1,0
53,28,117.55,2,4,1,0
32,18,96.15,2,1,1,0
60,59,62.34,4,1,1,0
65,57,20.45,1,1,1,0
40,28,51.33,1,8,1,0
23,51,72.68,3,9,0,1
63,56,52.43,1,2,1,0
67,27,31.1,4,3,1,0
61,32,64.28,3,4,0,1
60,47,45.33,3,3,1,0
62,9,110.92,1,3,0,1
38,40,30.18,2,4,0,1
40,32,24.92,2,9,1,1
60,20,20.53,2,8,1,1
33,28,52.81,2,8,1,1
64,33,86.04,4,5,0,1
32,4,93.04,3,2,0,1
42,46,65.33,2,5,1,0
53,57,88.43,4,9,0,1
28,34,55.99,3,3,1,0
68,48,86.78,1,2,1,0
32,3,24.06,1,5,1,1
21,26,59.08,4,5,0,1
38,8,99.08,3,1,0,1
30,6,100.3,2,8,0,1
39,16,91.61,3,7,0,1
36,24,40.42,2,5,1,0
51,48,44.72,4,0,1,0
31,39,119.61,2,1,0,1
21,30,30.34,4,3,0,1
65,45,38.07,3,6,0,1
69,13,33.0,3,8,1,1
63,5,52.77,2,9,0,1
44,25,41.02,3,4,1,0
46,20,69.77,2,9,0,1
64,54,67.6,3,1,0,0
45,18,110.15,1,0,0,1
52,47,23.47,2,9,1,1
25,18,51.99,4,0,1,0
33,2,79.67,1,4,1,1
59,10,80.48,4,6,0,1
53,55,68.01,3,8,0,1
47,45,101.57,1,8,0,1
35,50,26.27,3,7,1,0
19,47,101.55,2,0,0,0
66,12,69.48,4,4,1,1
30,47,33.38,3,5,0,1
21,13,108.57,4,5,0,1
43,50,84.92,4,3,1,0
42,47,36.35,3,0,0,0
47,57,23.36,2,2,1,0
28,55,34.11,4,9,0,1
24,11,80.88,3,3,0,1
48,19,37.93,2,3,1,0
61,35,42.58,3,3,0,1
27,39,22.51,2,4,1,0
56,53,92.29,4,8,1,1
30,26,101.04,1,3,0,1
48,46,99.68,3,8,1,1
24,14,32.76,4,8,0,1
66,54,110.33,3,0,1,0
59,45,87.23,3,4,1,0
59,44,109.75,2,8,1,1
53,24,64.72,3,3,1,0
37,41,63.7,2,4,1,0
21,1,98.45,4,3,1,1
24,51,29.33,3,1,0,0
18,43,72.09,4,9,1,0
61,55,103.64,1,1,0,0
62,22,103.02,4,1,1,0
59,23,115.61,3,0,1,0
64,56,89.83,1,2,1,0
30,54,40.78,2,9,1,0
39,19,22.03,1,0,1,0
38,18,67.94,3,3,0,1
39,12,71.37,3,0,0,1
45,55,44.03,4,3,1,0
26,28,32.47,2,2,1,0
43,28,78.62,3,8,1,1
26,59,96.43,3,0,1,0
32,33,119.32,2,7,0,1
27,19,95.83,2,8,1,1
41,28,99.36,4,6,0,1
59,59,81.65,1,0,0,0
25,52,118.59,2,3,0,1
41,49,84.0,3,9,1,1
33,37,106.03,2,0,1,0
66,26,114.58,3,3,0,1
43,35,112.99,4,2,1,0
44,34,58.14,1,1,0,0
54,35,27.87,4,0,1,0
21,40,37.19,2,5,1,0
67,16,25.92,3,6,0,1
41,38,30.54,2,5,1,0
36,13,38.47,2,8,0,1
53,23,54.11,2,8,1,1
56,54,74.35,2,1,1,0
27,22,91.17,1,1,0,1
42,16,41.09,3,8,1,1
35,28,87.25,2,0,0,1
36,48,90.43,3,4,1,0
53,35,75.86,1,0,0,1
27,45,110.36,3,6,0,1
50,46,31.1,3,8,1,0
67,8,37.71,1,5,0,1
22,44,62.87,2,1,1,0
64,55,32.67,3,5,1,0
66,55,76.63,4,8,1,0
52,22,59.84,3,2,0,1
61,21,48.46,2,8,1,1
51,26,37.0,4,7,1,0
50,40,53.53,2,6,0,1
38,21,80.8,3,7,1,1
34,25,77.58,1,9,0,1
39,41,36.36,2,5,1,0
65,1,32.49,2,2,1,0
54,6,22.67,1,6,1,1
32,23,21.24,3,3,1,0
52,51,107.98,2,9,0,1
45,23,24.51,3,4,0,1
24,43,93.12,3,7,0,1
49,43,107.2,3,6,0,1
28,23,29.81,1,6,1,0
27,32,63.63,3,7,1,0
26,30,116.23,3,9,0,1
31,13,103.41,4,2,1,0
30,43,68.97,4,2,1,0
42,18,96.26,4,1,0,1
19,23,103.34,2,0,0,1
52,15,54.8,2,9,1,1
24,33,109.22,4,5,1,0
38,21,67.05,1,5,1,1
35,57,72.78,1,9,0,1
20,39,119.97,4,7,1,1
59,23,104.33,2,5,1,1
56,27,56.18,2,5,0,1
58,45,21.03,1,0,0,0
66,44,82.62,3,6,0,1
28,18,90.39,1,6,0,1
56,24,85.08,3,9,0,1
41,51,116.79,2,8,1,0
63,47,106.3,2,6,1,0
36,40,64.88,4,7,1,0
21,51,26.29,2,3,0,0
43,42,67.61,3,8,1,0
55,7,88.92,1,0,1,0
59,50,80.77,4,7,1,0
49,48,73.81,3,2,1,0
56,20,66.88,1,0,1,0
62,27,49.38,1,1,1,0
63,6,47.73,1,5,0,1
53,27,70.02,2,4,0,1
57,9,36.06,1,2,1,0
54,53,54.07,2,8,1,0
50,45,52.4,1,7,1,0
53,57,78.71,1,2,1,0
20,31,26.67,2,1,1,0
26,21,102.97,2,7,0,1
25,26,76.24,3,4,0,1
50,40,87.08,1,8,0,1
23,48,90.31,2,0,1,0
58,45,49.15,3,9,1,0
56,13,67.04,3,2,1,0
21,49,115.62,2,4,1,0
30,23,96.67,1,1,0,1
66,20,116.96,3,2,0,1
19,37,94.63,1,3,1,0
22,54,37.56,1,3,1,0
61,53,26.45,3,8,0,1
44,28,77.77,2,0,1,0
49,17,55.78,1,8,0,1
38,28,47.55,4,8,0,1
25,41,100.72,2,5,1,0
55,2,56.7,3,0,0,1
25,25,51.7,4,5,1,0
67,58,105.0,1,7,0,1
20,50,104.63,2,4,1,0
61,41,55.64,4,4,1,0
20,6,103.25,2,0,1,0
39,11,105.08,1,0,0,1
23,57,62.39,2,7,0,1
19,38,26.65,4,4,1,0
40,6,20.16,2,7,0,1
61,45,72.33,3,9,1,1
19,11,54.41,3,1,1,0
55,14,119.71,4,3,0,1
34,2,97.24,2,9,1,1
52,40,96.13,4,8,1,1
51,3,115.52,2,2,1,1
40,55,108.77,1,5,0,1
47,53,51.82,3,6,0,1
69,35,36.6,1,2,0,0
25,33,94.59,2,0,0,1
39,24,57.83,1,1,0,1
61,19,67.32,4,9,1,1
53,18,83.04,4,6,0,1
22,49,110.79,2,6,0,1
30,52,61.91,3,0,0,0
46,24,98.33,4,9,0,1
48,45,46.83,3,6,0,1
64,35,89.8,2,9,1,1
33,1,20.16,3,5,1,1
59,36,107.15,2,5,0,1
47,25,23.04,1,6,0,1
33,45,91.28,2,6,1,0
29,49,24.63,1,0,0,0
34,43,46.62,2,9,0,1
33,34,69.72,4,4,1,0
29,25,61.99,4,7,1,1
25,16,39.18,3,7,1,0
37,34,53.38,2,2,1,0
20,29,92.77,2,2,1,0
33,19,86.93,2,6,1,1
47,23,27.18,3,3,1,0
62,19,94.73,4,5,0,1
40,25,25.3,2,8,1,1
45,16,74.29,3,9,0,1
68,54,46.01,2,1,0,0
57,51,78.77,1,1,1,0
22,9,46.13,2,5,1,1
37,1,118.5,1,2,1,1
57,42,50.97,3,0,0,0
61,19,44.2,3,1,1,0
18,33,47.85,4,6,1,0
47,34,109.65,2,3,0,1
38,16,83.62,3,1,1,0
37,44,93.07,4,7,0,1
23,40,111.8,2,3,0,1
39,55,111.19,3,3,0,1
35,18,93.89,1,1,0,1
25,34,39.78,3,0,1,0
56,25,104.34,1,0,0,1
49,45,40.38,4,2,1,0
50,6,94.29,4,5,0,1
33,21,88.56,2,6,1,1
29,58,95.89,2,8,1,1
55,6,73.27,2,4,0,1
69,32,83.87,4,8,1,1
51,41,115.33,1,7,1,0
31,48,30.11,2,0,1,0
53,43,50.88,2,2,1,0
50,39,81.14,4,7,1,1
40,31,116.41,1,8,1,1
67,42,29.56,3,3,0,0
62,10,22.25,2,5,1,1
19,30,25.57,3,3,0,1
58,57,25.24,3,8,0,1
38,52,110.78,2,1,0,1
19,18,92.13,4,5,1,1
44,24,87.71,2,2,1,0
26,52,72.26,1,9,0,1
18,9,98.2,1,3,0,1
28,31,35.56,2,1,1,0
20,15,59.19,3,7,0,1
69,4,69.0,1,9,0,1
40,40,31.04,1,7,1,0
43,9,61.95,2,0,1,0
21,45,51.65,2,9,0,1
35,9,23.56,4,5,1,0
23,26,33.67,2,0,1,0
52,4,96.4,2,5,1,1
39,17,21.8,1,6,0,1
60,16,113.43,1,1,0,1
32,15,28.64,1,8,0,1
39,35,99.92,3,7,1,1
54,57,109.86,1,8,1,0
69,52,114.11,1,9,0,1
59,5,106.75,2,3,1,1
29,55,48.76,4,3,1,0
64,5,53.31,1,7,1,1
66,20,62.65,4,0,1,0
59,15,33.93,1,7,1,1
55,18,22.23,1,6,0,1
35,47,106.91,4,6,1,0
62,2,75.41,2,8,1,1
52,29,80.87,1,9,0,1
47,13,112.7,4,6,1,1
41,4,86.51,1,1,0,1
59,42,89.09,3,0,0,0
47,45,98.7,3,0,0,0
31,10,31.63,3,6,1,0
23,31,56.02,3,4,1,0
20,41,116.82,2,3,0,1
33,8,112.29,3,4,1,1
24,3,108.41,4,9,1,1
69,48,65.21,1,9,1,1
31,46,105.72,4,5,0,1
26,9,24.84,3,9,0,1
32,30,34.85,2,5,1,0
38,53,61.4,3,0,1,0
52,11,68.34,3,1,1,0
19,35,46.35,2,2,1,0
44,37,55.65,2,3,1,0
19,42,36.28,2,5,0,1
52,13,68.91,2,8,1,1
35,36,99.38,2,1,0,1
31,56,86.14,2,7,0,1
37,13,30.78,1,8,0,1
35,12,68.76,3,1,1,0
27,37,89.76,3,8,1,1
42,10,72.99,2,6,0,1
19,56,59.17,4,8,0,1
42,9,82.19,2,5,0,1
50,52,116.86,1,1,1,0
53,7,29.49,4,7,1,1
48,2,59.0,1,9,1,1
31,54,60.66,4,8,1,0
18,56,77.7,4,7,0,1
63,23,35.22,2,1,0,1
33,39,37.66,1,7,1,0
63,40,48.54,4,2,0,0
69,39,115.59,1,2,0,1
20,21,93.41,2,8,0,1
52,23,86.17,2,8,1,1
58,29,101.7,2,8,1,1
23,14,32.76,2,3,0,1
42,26,105.93,3,6,1,1
30,51,79.48,4,7,0,1
51,5,53.53,3,4,1,0
25,55,101.59,2,0,1,0
38,31,100.26,4,8,0,1
51,25,104.57,4,5,1,1
21,31,31.55,1,2,1,0
42,50,116.94,2,2,0,1
32,20,115.96,3,9,0,1
21,44,55.75,1,0,1,0
62,55,26.59,4,7,0,1
29,17,36.71,3,1,1,0
49,45,119.28,2,0,1,0
49,2,76.3,3,6,0,1
45,25,55.66,3,8,0,1
30,13,48.82,3,5,1,0
48,58,45.7,1,7,0,1
31,39,86.42,4,7,1,0
37,28,61.94,3,8,1,1
35,42,116.54,4,6,1,0
46,55,88.38,1,8,1,1
23,6,99.2,2,8,1,1
49,3,49.27,2,0,1,0
46,58,27.92,3,5,1,0
60,35,68.78,1,7,1,1
19,18,51.46,2,9,1,1
40,11,40.21,1,8,1,1
36,54,115.26,1,3,0,1
48,20,64.4,3,1,1,0
68,5,37.47,3,8,0,1
22,19,39.87,1,8,0,1
36,22,48.07,1,7,0,1
51,59,119.93,3,2,1,0
27,19,46.8,1,4,0,1
42,47,52.88,3,1,1,0
19,16,85.93,4,2,1,0
28,24,49.4,1,0,0,0
67,41,41.58,3,3,1,0
48,4,35.86,1,4,1,0
32,15,51.27,3,1,1,0
26,25,30.59,1,2,0,1
40,44,21.86,2,5,0,0
36,55,100.46,2,5,1,0
26,35,33.79,1,6,0,1
52,55,97.6,2,8,0,1
38,14,99.75,1,3,0,1
26,49,73.79,1,4,1,0
45,19,50.97,4,1,0,1
63,38,34.5,4,5,1,0
68,36,93.68,2,3,1,0
24,7,80.14,4,4,1,1
33,30,85.55,4,6,0,1
33,19,20.87,1,5,1,0
50,49,112.75,3,7,0,1
21,25,26.63,1,5,0,1
21,16,56.68,4,9,0,1
56,47,60.27,1,7,0,1
57,54,20.14,2,3,1,0
34,40,69.71,3,6,1,0
54,51,95.28,4,2,1,0
56,8,102.33,4,0,0,1
69,18,107.94,1,8,1,1
46,28,68.77,1,8,0,1
69,16,83.06,1,5,1,1
53,52,27.95,1,1,0,0
55,19,68.8,4,7,1,1
56,42,35.48,1,9,1,0
67,17,56.96,4,5,0,1
54,45,52.93,1,6,1,0
69,13,62.35,3,0,1,0
52,7,77.16,3,2,1,1
24,27,110.29,1,0,1,0
44,10,59.45,1,9,1,1
45,34,118.11,2,0,1,0
39,36,95.9,3,0,1,0
31,25,71.15,4,3,1,0
24,6,84.4,3,6,1,1
54,24,30.22,4,6,1,0
39,18,104.45,1,4,0,1
22,23,78.24,3,5,0,1
19,6,118.61,3,1,1,1
44,29,83.64,2,4,1,0
38,25,103.41,2,6,0,1
55,55,99.98,3,8,1,0
32,17,54.55,3,5,0,1
38,46,45.96,3,9,1,0
27,24,63.05,4,3,1,0
40,11,66.72,1,2,1,0
56,26,44.01,2,8,1,1
22,51,109.46,1,6,1,0
18,34,74.25,2,5,0,1
30,28,117.84,2,6,1,1
38,3,101.0,2,7,0,1
43,11,75.57,3,4,1,1
67,38,114.7,2,2,1,0
62,14,70.49,1,2,1,0
38,51,108.71,2,1,1,0
35,26,55.81,1,7,1,1
54,48,57.86,2,0,1,0
62,21,61.81,2,7,0,1
49,54,74.66,3,2,0,0
53,56,75.35,1,8,1,0
34,39,69.64,2,1,1,0
52,30,50.6,2,9,1,1
66,59,112.72,1,8,1,1
28,8,78.86,2,5,1,1
38,51,60.77,4,0,1,0
69,20,85.12,3,4,1,0
43,48,96.8,1,9,1,1
21,32,116.07,3,8,1,1
51,22,69.95,4,5,1,0
69,59,31.21,4,6,1,0
65,7,64.08,4,3,0,1
35,9,67.9,1,0,1,0
57,45,109.7,4,4,0,1
52,1,59.48,1,1,0,1
58,29,115.33,1,7,1,1
46,8,68.51,2,3,1,1
69,56,117.38,1,0,0,0
46,54,20.82,4,9,0,1
55,4,109.88,1,6,1,1
59,35,113.11,1,1,1,0
38,59,116.1,3,2,0,1
59,3,21.31,4,8,1,1
30,54,37.17,1,8,0,1
66,45,85.38,2,1,1,0
58,40,22.55,1,2,1,0
34,7,26.36,1,8,1,1
26,27,42.11,3,0,1,0
58,1,71.24,4,1,0,1
18,27,74.59,4,1,1,0
19,16,23.43,2,9,0,1
65,38,37.04,2,2,1,0
46,7,69.97,2,9,1,1
50,44,79.39,1,2,0,0
27,23,34.84,1,9,1,1
67,41,59.88,2,1,0,0
57,59,110.44,4,7,1,0
38,11,119.89,4,7,1,1
45,42,118.72,2,7,1,1
28,53,108.17,3,1,1,0
51,33,59.47,4,8,0,1
25,50,88.66,4,6,1,0
39,36,61.66,2,4,1,0
25,37,84.85,4,6,0,1
66,41,50.94,1,7,0,1
32,59,80.62,1,8,1,0
34,17,72.38,4,1,1,0
40,35,22.45,1,5,1,0
41,48,99.07,3,8,1,1
62,5,21.19,4,5,1,1
36,48,49.32,2,1,0,0
22,32,20.59,1,0,1,0
49,3,57.62,3,2,0,1
61,52,26.32,3,4,1,0
18,47,111.35,1,6,0,1
40,35,61.57,3,9,1,1
54,52,65.95,4,9,1,0
25,14,54.99,3,2,1,0
30,48,82.75,1,8,0,1
25,31,98.44,3,9,1,1
40,31,84.81,1,3,0,1
60,17,94.82,1,9,1,1
18,24,110.6,3,1,1,0
62,52,106.35,1,2,1,0
68,23,87.41,1,4,0,1
41,18,41.46,2,2,1,0
52,50,83.77,4,4,1,0
41,54,70.61,1,3,1,0
34,14,91.72,4,9,1,1
22,50,103.29,2,2,1,0
37,15,94.27,2,5,1,1
38,15,104.66,2,7,1,1
57,6,26.39,2,3,1,0
48,27,23.16,4,8,0,1
63,15,45.85,3,5,1,1
53,50,110.07,3,4,1,0
28,36,102.37,4,2,1,0
69,55,88.27,1,4,0,1
32,8,90.08,4,4,0,1
36,15,92.67,1,3,1,0
24,3,114.26,1,5,1,1
68,47,103.22,3,2,1,0
45,13,82.34,2,9,0,1
68,41,86.57,3,0,0,1
60,34,41.37,3,6,1,0
22,24,85.73,4,6,1,1
22,40,62.47,4,3,0,1
47,32,35.3,1,8,0,1
49,32,100.64,4,1,1,0
25,30,71.02,1,0,0,1
27,52,117.74,1,2,1,0
55,49,48.17,2,6,0,1
64,13,68.07,2,8,1,1
49,1,64.8,3,1,0,1
65,34,32.08,2,5,1,0
45,15,62.61,1,2,0,1
34,44,48.76,4,4,0,1
48,14,36.03,2,8,0,1
25,57,48.22,2,2,1,0
57,29,43.33,2,0,1,0
42,34,93.41,2,4,0,1
26,18,23.08,1,0,0,1
19,54,81.75,1,7,1,0
32,7,96.07,3,6,1,1
67,29,68.07,4,1,1,0
20,55,113.16,3,8,1,0
66,31,90.79,3,4,0,1
53,25,94.79,2,6,0,1
21,38,39.69,4,3,0,1
31,14,97.73,2,0,1,0
58,8,103.21,1,7,1,1
58,27,56.13,3,0,0,1
42,54,41.34,4,2,0,0
67,2,58.51,1,5,1,1
27,17,93.96,3,7,0,1
38,37,61.76,4,7,0,1
53,14,93.67,3,1,1,0
29,25,31.36,4,8,0,1
44,56,100.6,3,3,0,1
57,30,45.32,2,3,1,0
19,29,44.89,3,1,1,0
30,20,79.04,3,0,1,0
49,21,27.01,4,9,0,1
48,53,22.63,4,6,1,0
33,22,46.1,2,9,1,1
49,35,73.81,4,2,0,1
49,37,110.76,3,3,1,0
51,16,104.64,4,8,1,1
28,50,69.04,4,5,1,0
27,58,23.71,4,0,1,0
32,49,73.53,2,8,1,0
34,43,90.48,2,8,1,1
57,17,53.92,1,4,1,0
35,16,31.11,2,7,0,1
26,58,47.86,2,6,1,0
42,55,97.16,2,7,0,1
57,2,55.12,3,8,0,1
31,4,101.2,1,1,1,1
42,21,51.95,3,9,1,1
67,39,36.36,2,4,0,1
39,34,63.58,2,7,1,1
69,30,65.23,1,2,0,1
47,6,21.61,1,5,1,1
37,17,31.7,4,5,0,1
38,39,38.49,2,6,1,0
61,25,31.36,2,2,1,0
49,5,54.15,3,7,1,1
68,5,116.46,4,7,0,1
63,20,70.92,2,8,1,1
66,16,82.76,3,7,1,1
38,51,55.64,1,2,1,0
52,41,52.35,3,5,1,0
49,37,22.31,2,8,1,0
47,40,70.03,3,0,0,0
56,9,68.36,3,2,0,1
66,5,35.78,4,1,1,0
29,42,96.43,4,7,1,0
58,57,69.27,1,5,1,0
64,2,53.9,4,9,1,1
35,9,34.69,3,7,0,1
38,43,75.22,4,1,0,0
30,36,95.28,2,5,1,1
38,22,48.2,3,6,1,1
25,22,41.88,3,7,1,1
63,22,72.19,3,8,0,1
57,34,35.53,2,4,0,1
63,55,86.66,3,2,0,0
24,29,80.53,4,1,1,0
40,38,28.71,2,7,1,0
61,59,23.65,3,0,1,0
49,46,82.03,4,9,1,0
28,33,49.43,4,5,1,0
39,18,28.64,1,1,1,0
39,7,95.94,4,2,1,0
60,1,51.4,4,7,1,1
42,33,65.96,1,0,1,0
39,1,43.68,1,5,1,1
45,24,82.73,2,2,0,1
46,4,50.15,4,5,1,1
30,4,116.8,2,2,0,1
35,18,90.29,2,7,0,1
19,27,33.67,3,4,0,1
46,43,61.67,2,3,1,0
38,59,58.54,2,8,1,0
32,32,73.42,2,4,0,1
69,33,104.19,2,3,0,1
44,28,78.34,1,7,1,1
67,42,26.16,4,7,1,0
48,41,85.54,3,7,1,0
32,55,20.83,1,3,1,0
68,36,98.0,3,0,1,0
40,6,86.66,3,1,0,1
41,16,50.88,1,3,1,0
61,34,49.24,2,9,0,1
30,23,99.83,1,1,0,1
39,50,98.33,3,9,0,1
60,42,55.23,3,2,1,0
54,24,49.89,2,8,1,1
50,56,75.98,1,8,1,0
20,49,20.84,4,8,1,0
36,13,28.27,3,6,1,1
40,56,32.62,1,3,0,0
46,18,38.54,2,0,0,1
47,54,71.2,2,2,1,0
56,13,119.22,4,7,0,1
61,49,85.26,3,3,1,0
64,37,26.13,4,9,0,1
42,43,72.56,4,9,1,1
54,39,69.66,4,1,1,0
64,42,34.42,4,7,0,1
25,17,112.03,2,6,1,1
59,15,64.08,3,9,0,1
33,18,119.46,4,8,1,1
25,23,62.01,3,1,0,1
18,54,80.8,2,4,0,1
61,51,30.48,2,5,0,1
22,30,65.42,1,1,1,0
20,58,43.88,1,1,1,0
18,34,103.56,3,9,0,1
21,58,98.39,1,3,1,0
57,4,102.42,4,7,0,1
52,3,92.36,3,4,0,1
49,7,103.27,2,8,1,1
59,56,40.08,2,3,0,0
51,18,65.2,4,2,1,0
60,42,89.18,1,9,1,1
42,7,83.74,3,7,0,1
27,40,91.64,3,0,1,0
38,6,42.43,4,8,1,1
63,22,29.84,1,3,1,0
56,58,111.68,3,8,0,1
44,1,76.02,4,7,1,1
44,4,35.38,3,2,1,0
19,46,99.34,2,2,0,1
58,49,111.49,3,8,0,1
65,52,36.96,3,2,0,0
30,50,101.74,3,3,0,1
26,43,113.32,1,8,1,1
69,29,113.84,1,3,0,1
53,21,111.42,4,2,0,1
39,26,74.64,1,6,0,1
59,14,55.62,3,5,1,1
43,9,20.73,3,0,1,0
29,59,26.09,1,9,1,0
34,47,62.88,1,7,0,1
31,12,59.93,3,0,1,0
31,42,38.47,3,3,0,1
51,51,59.55,2,5,1,0
37,56,37.47,4,5,0,1
28,51,104.88,1,6,0,1
33,6,49.82,4,4,0,1
68,20,79.86,3,4,0,1
48,24,70.28,4,3,0,1
23,27,25.19,1,5,1,0
36,38,114.22,1,6,1,1
54,8,72.72,4,9,0,1
21,1,52.51,1,9,1,1
64,54,35.81,2,0,1,0
21,49,53.85,3,8,0,1
37,49,22.05,3,7,0,1
27,24,56.36,1,6,0,1
41,47,73.15,3,8,1,0
52,7,107.19,2,2,1,1
43,19,88.74,1,9,0,1
54,22,31.16,2,3,0,1
55,57,34.77,2,6,1,0
38,55,62.81,3,5,1,0
57,35,39.57,3,1,1,0
56,30,22.78,4,1,0,1
38,29,100.5,2,9,1,1
27,22,21.95,3,6,1,0
55,11,103.07,2,8,0,1
63,20,34.41,4,8,1,1
21,29,117.47,2,6,0,1
62,51,80.39,1,7,0,1
37,41,93.5,4,9,1,1
34,42,31.05,4,2,0,0
24,34,106.21,2,0,1,0
21,1,103.92,2,6,0,1
46,31,85.3,3,7,1,1
31,30,70.23,1,1,0,1
20,48,92.15,4,8,1,1
41,18,20.59,4,3,0,1
54,55,79.24,4,9,0,1
33,58,104.74,3,8,1,1
69,17,55.69,1,2,1,0
21,38,30.83,4,7,1,0
41,14,62.09,4,1,1,0
51,23,92.71,3,2,1,0
47,25,30.73,2,0,0,0
35,15,40.6,4,4,1,0
36,46,34.76,1,3,1,0
48,56,99.69,1,0,1,0
36,22,26.29,1,9,1,1
66,3,88.66,1,8,1,1
63,56,56.65,3,5,1,0
36,55,95.58,4,5,1,0
39,19,116.44,3,1,0,1
41,57,31.45,1,6,1,0
62,44,51.44,1,8,0,1
29,34,101.01,1,5,0,1
47,35,46.62,3,7,1,1
55,50,41.51,1,4,1,0
48,1,102.54,4,1,0,1
53,52,118.71,1,3,0,1
36,21,75.69,4,0,1,0
65,29,47.8,4,0,1,0
62,6,59.86,1,5,0,1
53,37,37.01,3,1,0,0
47,1,96.19,2,5,1,1
66,51,97.35,2,0,1,0
50,1,107.51,4,9,0,1
35,27,22.66,3,2,0,1
69,21,76.2,2,8,0,1
66,53,41.43,1,1,1,0
45,16,54.09,1,7,1,1
64,44,98.5,4,5,0,1
28,59,39.2,3,5,1,0
62,54,83.83,3,6,0,1
50,40,85.46,2,4,0,1
34,26,115.41,2,3,1,0
23,16,97.52,1,5,1,1
21,28,100.36,4,7,1,1
37,1,73.16,3,3,1,1
65,36,38.68,2,4,0,1
64,10,62.56,2,6,1,1
44,43,74.95,4,5,1,0
32,17,87.84,4,3,0,1
23,57,80.77,1,3,1,0
64,59,59.4,4,9,1,0
31,23,46.53,1,3,1,0
28,7,36.82,1,0,1,0
56,44,89.38,4,4,1,0
26,53,84.54,4,7,0,1
43,7,88.74,4,6,1,1
33,44,57.25,4,4,1,0
22,15,46.24,4,2,0,1
69,34,95.97,1,0,1,0
27,46,97.36,2,6,1,0
67,45,65.56,3,2,0,0
20,4,81.19,3,3,1,1
30,14,57.35,1,4,1,0
60,14,90.19,1,7,1,1
66,16,103.57,2,6,1,1
47,7,88.82,4,8,0,1
62,32,71.26,1,2,1,0
23,19,65.87,3,9,0,1
34,2,84.23,4,0,1,0
62,10,87.98,1,0,1,0
68,50,75.87,4,9,0,1
36,17,82.49,3,0,0,1
59,37,29.66,4,1,0,0
52,12,115.18,1,1,0,1
63,6,99.08,1,6,0,1
43,22,57.39,3,8,1,1
68,32,76.28,2,7,1,0
22,41,24.73,2,3,1,0
46,20,24.12,4,1,1,0
54,1,45.08,1,2,1,0
37,54,88.97,1,9,0,1
66,47,105.21,3,4,1,0
38,53,75.92,3,8,1,0
27,58,73.21,1,7,0,1
22,6,60.23,3,2,1,0
53,19,36.16,2,8,1,1
23,18,31.84,2,9,1,1
43,6,96.07,4,2,1,0
21,45,112.75,3,9,1,1
56,33,65.83,4,7,0,1
56,23,85.94,3,0,0,1
67,23,111.45,3,3,1,0
52,26,29.01,2,3,0,1
18,13,97.05,1,5,0,1
41,7,81.68,3,1,1,0
53,15,79.86,3,6,1,1
23,44,49.25,3,4,0,1
58,27,88.39,1,9,0,1
63,26,99.48,4,5,1,1
61,33,31.29,4,5,1,0
48,15,73.35,3,5,0,1
37,36,30.13,3,9,1,0
41,45,107.26,4,7,1,1
42,55,70.76,4,9,1,1
53,27,100.8,2,3,0,1
38,57,56.81,3,9,1,0
47,5,32.51,4,7,1,1
41,2,24.15,2,8,1,1
61,55,48.15,1,3,0,0
59,58,44.42,3,0,1,0
47,33,76.04,4,2,1,0
39,16,22.17,3,0,1,0
45,23,72.06,2,6,0,1
24,38,59.18,4,0,1,0
52,55,77.71,1,3,1,0
45,16,90.24,1,0,1,0
31,14,83.41,2,1,0,1
27,29,118.46,1,0,0,1
33,26,33.83,1,4,0,1
33,35,62.97,1,6,0,1
48,15,62.48,1,2,1,0
59,3,61.71,1,7,0,1
42,23,86.38,1,4,0,1
30,29,68.98,1,4,0,1
23,34,71.74,4,4,1,0
61,33,63.24,1,7,1,0
26,41,119.17,4,1,1,0
62,41,112.76,3,1,1,0
53,23,50.77,2,7,0,1
60,7,31.16,1,8,1,1
37,3,103.98,2,9,0,1
35,58,119.72,1,9,0,1
60,32,49.26,4,1,1,0
38,31,55.78,1,3,1,0
21,18,114.16,3,7,0,1
67,43,91.11,2,1,0,0
50,7,49.56,2,3,1,1
44,41,78.1,3,9,1,1
24,1,114.42,4,0,1,0
23,14,101.18,4,1,1,0
32,52,94.18,3,6,1,0
35,32,93.7,2,0,0,1
49,6,37.8,1,0,0,1
28,39,102.47,4,1,0,1
37,10,47.61,1,3,1,0
41,7,113.04,2,6,0,1
32,26,56.46,1,3,1,0
65,34,105.77,3,4,1,0
24,30,46.62,4,3,0,1
38,36,71.45,4,3,0,1
59,21,30.69,3,8,1,1
43,17,86.01,3,5,0,1
61,33,103.61,4,2,1,0
31,10,91.84,4,5,1,1
54,51,72.33,4,6,0,1
38,47,24.51,2,6,1,0
35,42,113.34,2,7,0,1
22,51,90.55,2,3,1,0
20,12,94.59,1,0,0,1
40,56,99.47,2,5,1,0
43,16,94.77,4,7,1,1
54,41,64.11,2,4,1,0
41,32,93.36,4,2,1,0
66,15,82.5,3,3,0,1
36,27,105.4,1,7,1,1
68,28,100.25,1,5,1,1
42,17,24.14,3,4,1,0
38,46,57.89,4,8,1,0
29,59,23.47,1,9,0,1
58,50,30.21,2,2,1,0
50,58,80.14,4,6,1,0
67,2,107.38,1,8,1,1
21,36,31.98,3,3,1,0
59,50,65.11,4,9,0,1
24,7,111.09,1,9,1,1
39,13,101.43,3,2,0,1
50,15,71.97,4,0,1,0
34,25,97.16,2,8,1,1
41,23,72.27,4,0,0,1
51,22,35.81,2,1,1,0
45,26,32.47,4,8,0,1
60,33,38.84,3,4,1,0
58,11,55.09,2,3,1,0
56,10,113.05,2,8,1,1
39,25,99.97,4,8,1,1
66,37,63.28,1,1,1,0
34,48,69.31,2,2,0,0
51,43,46.56,4,2,1,0
23,53,90.44,3,4,0,1
63,38,100.28,4,2,1,0
23,41,43.89,4,9,1,1
51,45,24.18,2,5,1,0
18,24,82.39,1,1,0,1
27,40,76.25,3,5,0,1
38,46,60.21,2,5,0,1
22,56,84.39,2,1,0,0
19,33,75.06,2,5,0,1
39,17,45.06,3,5,1,1
65,24,59.77,1,5,0,1
19,37,62.81,3,4,1,0
27,57,108.02,3,6,1,0
51,2,116.09,1,4,1,1
33,32,109.3,3,0,0,1
65,57,91.92,4,8,1,0
68,24,78.5,3,2,0,1
56,9,88.93,2,1,0,1
39,4,113.91,3,9,1,1
29,17,45.0,2,5,1,1
41,17,73.51,3,7,0,1
64,53,88.96,2,1,0,0
57,50,87.92,2,3,0,1
55,48,45.23,2,1,1,0
27,30,78.67,1,8,1,1
52,40,99.59,3,9,0,1
68,58,67.51,3,1,0,0
66,11,99.33,4,9,1,1
49,21,55.99,4,1,0,1
24,21,113.88,4,4,1,1
38,18,73.39,3,4,0,1
37,55,79.59,1,6,1,0
43,29,23.14,2,0,1,0
21,24,37.03,3,1,1,0
63,10,83.29,1,5,0,1
69,45,61.99,1,1,0,0
39,17,70.82,3,3,0,1
32,18,26.3,2,9,1,1
57,42,103.41,1,5,1,0
38,48,98.45,3,6,1,0
32,20,38.54,2,9,0,1
39,37,83.43,4,4,1,0
69,45,101.83,1,7,0,1
45,18,84.09,1,5,1,0
31,17,51.04,3,4,1,0
44,9,85.61,3,3,0,1
58,14,41.05,2,5,0,1
57,49,51.83,4,5,0,1
45,29,44.01,4,5,1,0
43,31,75.69,3,0,1,0
66,4,30.82,3,5,1,1
19,18,113.33,2,0,1,0
42,59,53.35,3,4,1,0
20,20,41.9,2,6,1,1
25,56,69.65,2,0,1,0
61,56,47.7,4,0,0,0
50,47,73.49,2,5,0,1
59,43,54.85,4,6,1,0
69,44,33.21,4,5,1,0
52,9,46.59,4,4,1,0
23,13,63.84,3,5,0,1
56,15,23.03,4,2,0,1
69,27,97.06,2,8,0,1
40,15,82.18,3,4,0,1
42,28,80.14,2,1,1,0
67,37,74.6,3,9,1,1
60,55,79.03,2,9,1,0
36,19,113.47,1,6,1,1
22,26,20.86,1,2,1,0
68,52,24.78,1,0,0,0
28,26,39.15,2,2,1,0
29,25,36.73,3,8,1,1
27,26,38.12,4,4,0,1
25,26,87.19,4,6,1,0
41,46,65.95,2,2,1,0
45,28,119.18,2,3,0,1
58,49,42.69,2,0,0,0
53,18,51.08,2,2,0,1
54,32,118.42,4,6,0,1
38,53,103.18,3,3,0,1
25,3,66.98,4,1,1,0
26,2,75.46,2,4,1,1
64,33,104.32,1,4,1,0
32,42,68.1,4,1,1,0
65,19,40.6,1,5,1,0
63,17,102.84,1,9,1,1
57,44,73.78,2,3,1,0
35,33,35.3,4,0,1,0
59,12,70.56,3,2,0,1
37,49,61.32,4,8,0,1
23,56,107.68,3,9,1,0
29,3,32.61,3,6,1,1
19,43,107.52,2,5,1,1
24,49,71.22,3,0,1,0
33,55,60.44,4,8,1,0
20,26,36.2,4,8,0,1
62,35,90.08,1,0,1,0
20,8,112.68,3,5,1,1
44,52,57.54,2,6,0,1
67,36,44.16,2,1,0,0
60,53,75.49,4,9,0,1
57,54,99.62,3,7,1,0
55,7,20.38,2,7,0,1
50,46,83.14,3,5,1,0
45,46,79.65,3,8,0,1
18,36,51.82,1,2,1,0
25,16,65.14,2,1,1,0
54,24,44.7,1,1,0,1
49,54,98.99,2,5,0,1
65,1,83.45,3,6,1,1
60,49,73.27,2,5,1,0
54,25,59.25,4,2,0,1
21,10,49.14,3,4,1,1
47,54,102.27,2,7,1,0
23,16,65.14,1,5,0,1
63,16,70.14,1,1,0,1
36,58,72.08,3,6,1,0
49,8,64.84,1,7,1,1
26,29,45.61,3,3,0,1
29,39,32.03,3,0,1,0
28,28,29.85,3,1,1,0
63,6,95.75,2,3,0,1
33,16,42.35,3,6,1,0
18,20,25.57,1,1,0,0
62,16,99.75,4,5,1,1
38,7,35.41,2,1,1,0
47,41,82.51,1,6,1,0
30,14,53.86,3,1,1,0
51,43,32.65,3,2,0,0
21,26,61.45,4,8,1,1
45,26,21.48,1,3,1,0
55,14,104.1,2,4,0,1
48,7,71.35,1,8,1,1
44,33,33.92,3,6,0,1
22,26,43.7,2,7,1,0
42,57,64.8,3,2,0,0
20,45,38.89,3,3,1,0
50,20,46.86,1,6,0,1
21,3,73.44,4,3,0,1
42,52,103.26,3,1,0,1
37,4,60.18,1,9,1,1
51,26,91.7,2,5,1,0
43,11,107.67,4,8,1,1
22,2,41.63,3,1,1,0
52,14,100.72,3,0,1,0
45,44,95.74,2,7,1,0
46,30,55.69,1,0,1,0
26,49,118.95,3,0,0,0
69,12,46.26,2,2,1,0
55,26,45.48,3,4,1,0
67,44,97.23,1,8,0,1
23,33,63.47,4,9,1,1
36,13,53.08,1,1,1,0
61,14,37.87,1,0,0,1
28,24,96.53,1,0,0,1
19,34,98.63,2,7,0,1
64,44,76.66,3,9,0,1
61,26,115.73,4,9,0,1
61,21,51.82,2,9,0,1
26,28,41.96,1,1,0,0
38,48,87.75,4,8,1,0
41,36,95.84,1,8,0,1
51,40,42.49,1,1,1,0
39,2,27.66,1,2,0,1
20,42,101.05,4,1,0,1
29,9,117.65,3,5,1,1
45,23,84.47,1,6,1,1
47,15,47.79,3,5,1,1
43,13,119.67,4,2,1,1
65,23,109.33,4,2,1,0
38,17,71.34,1,1,0,1
45,48,102.53,3,1,0,1
43,2,101.58,3,4,1,1
50,20,113.48,1,7,1,1
38,20,104.09,2,5,0,1
52,59,84.37,2,8,1,0
69,46,80.93,4,4,0,1
51,3,66.74,4,9,0,1
58,55,82.65,2,3,1,0
68,12,99.52,2,8,0,1
64,40,116.9,2,9,1,1
35,2,66.73,1,4,1,1
28,36,77.37,1,0,0,1
40,14,64.48,1,4,1,1
65,16,86.85,1,4,1,0
39,19,82.99,1,4,0,1
34,34,21.78,1,1,1,0
22,44,74.12,4,5,1,0
61,46,28.85,3,4,0,0
28,6,22.64,4,1,1,0
47,13,99.12,3,9,0,1
32,36,45.86,4,7,0,1
44,22,54.07,4,5,1,1
52,18,26.41,1,9,0,1
50,12,37.95,1,2,1,0
37,52,96.56,3,8,1,0
33,59,69.35,3,3,0,0
51,54,108.07,1,2,1,0
19,30,59.72,4,6,1,1
52,53,46.87,3,7,1,0
57,51,54.76,2,6,0,1
45,40,91.28,2,0,0,1
64,7,75.5,2,0,1,0
56,32,110.42,3,4,1,0
23,48,80.22,1,7,0,1
26,19,69.3,1,9,1,1
37,6,98.58,1,2,1,0
18,20,114.75,3,7,0,1
25,27,55.58,3,2,1,0
40,53,44.99,2,3,0,0
20,43,81.62,3,9,0,1
21,37,69.89,2,6,0,1
42,48,118.92,2,2,0,1
64,7,66.24,1,3,0,1
55,59,27.43,3,7,1,0
32,5,117.74,1,3,1,1
38,11,104.36,1,8,0,1
52,15,37.83,3,3,1,0
63,3,110.46,3,3,1,1
69,58,54.07,4,4,0,1
31,5,57.71,2,0,0,1
53,23,110.64,4,6,0,1
29,53,73.01,2,8,0,1
34,37,33.78,2,8,1,1
56,9,56.91,2,0,1,0
26,15,92.21,1,5,1,1
52,3,37.42,1,2,1,0
30,29,79.02,3,3,0,1
32,6,89.53,2,7,1,1
35,17,54.39,2,3,0,1
68,26,89.39,2,7,0,1
50,21,108.42,1,3,1,1
23,8,67.21,3,8,0,1
44,21,58.29,1,5,0,1
40,57,45.12,4,0,1,0
44,11,80.42,4,9,1,1
51,38,107.99,4,1,0,1
63,8,52.47,3,6,0,1
55,42,59.62,4,9,1,1
31,24,60.66,3,6,1,1
53,35,76.08,1,2,0,1
25,55,42.84,1,0,1,0
52,14,102.22,3,7,1,1
36,55,49.56,1,9,1,0
47,14,90.54,1,9,1,1
31,10,71.32,3,6,1,1
37,12,78.59,4,9,0,1
66,38,37.96,3,7,0,1
42,44,93.5,2,0,1,0
57,55,38.86,1,2,1,0
41,46,31.35,3,1,1,0
31,34,74.67,1,0,1,0
43,41,90.93,4,4,1,0
55,10,25.0,1,2,0,1
40,58,26.94,3,9,1,0
39,17,100.27,4,7,1,1
65,17,100.9,4,5,1,1
36,3,44.53,4,9,1,1
63,31,81.52,2,8,1,1
68,51,64.32,3,8,0,1
20,1,83.27,3,5,1,1
59,12,106.29,4,1,1,1
36,39,27.99,1,8,1,0
26,4,97.8,4,1,1,0
45,42,69.3,2,2,0,1
37,13,76.41,4,5,1,1
62,34,85.39,3,1,1,0
24,42,112.26,4,4,0,1
31,21,25.67,1,1,1,0
26,22,22.95,3,3,1,0
36,57,37.83,1,2,0,0
64,4,118.64,4,4,0,1
69,18,91.51,3,5,1,1
31,5,81.46,2,6,0,1
55,19,24.7,3,9,1,1
53,2,107.91,1,7,1,1
57,12,101.28,3,8,0,1
34,17,86.48,2,3,0,1
47,10,53.91,2,3,1,1
26,34,27.05,2,6,1,0
50,6,78.0,2,9,0,1
69,8,91.97,1,9,1,1
42,51,29.42,3,8,1,0
31,11,83.38,4,1,0,1
28,57,48.64,2,5,0,1
52,12,96.42,4,9,1,1
58,9,73.96,4,9,0,1
31,2,32.9,3,7,1,1
47,8,72.65,4,4,0,1
58,58,59.57,4,4,0,0
21,11,38.04,1,7,0,1
21,53,104.15,4,0,0,0
45,36,21.1,3,5,0,1
25,10,51.21,4,9,0,1
19,21,21.26,3,8,0,1
58,20,29.6,2,5,0,1
63,48,49.71,4,6,1,0
39,8,25.43,4,3,1,0
58,36,79.66,4,9,1,1
33,29,28.69,2,0,1,0
46,42,90.17,1,8,1,1
66,12,25.26,4,5,0,1
65,14,25.93,3,2,0,1
47,48,50.53,1,3,0,0
29,54,109.66,1,9,1,0
52,50,84.14,1,5,1,0
28,21,97.01,4,5,1,1
63,22,34.16,2,8,0,1
67,21,103.41,2,3,1,0
38,44,20.81,4,4,0,0
38,50,41.31,3,4,1,0
22,30,81.61,3,2,1,0
65,39,57.52,3,1,0,1
37,20,118.42,4,7,0,1
54,24,23.03,2,9,1,1
20,23,119.86,4,8,1,1
61,7,82.36,2,9,0,1
50,9,75.87,1,8,1,1
26,1,25.95,4,4,1,0
26,26,47.33,2,8,0,1
21,38,112.47,1,3,0,1
52,38,55.42,1,1,1,0
34,54,86.17,4,2,1,0
51,44,119.95,2,0,0,1
41,22,46.31,1,4,0,1
49,44,77.61,4,0,0,0
18,10,89.64,1,0,1,0
25,55,36.46,3,6,0,1
62,58,34.87,4,1,1,0
40,6,65.63,1,7,1,1
64,17,58.58,4,5,1,1
57,51,91.42,4,3,1,0
29,50,26.95,2,8,1,0
29,38,117.22,2,9,1,1
63,24,21.43,1,7,1,0
64,51,80.13,4,9,1,1
32,10,76.26,4,2,0,1
58,56,33.47,3,2,0,0
36,8,35.09,4,3,1,0
43,21,99.27,2,8,1,1
69,56,108.76,4,8,1,1
46,6,48.3,2,4,1,1
39,21,63.8,3,8,1,1
57,57,55.5,1,5,1,0
38,39,27.25,2,7,0,1
68,24,87.32,1,7,1,1
55,33,102.52,1,9,1,1
37,59,50.49,1,6,1,0
46,18,119.02,1,3,1,0
68,56,27.59,2,3,1,0
21,28,86.18,3,5,1,1
24,57,64.82,4,8,0,1
45,52,64.66,2,6,0,1
45,32,65.76,3,4,1,0
21,12,45.87,4,4,0,1
39,48,91.56,1,7,1,1
29,42,92.16,4,5,0,1
62,27,48.24,4,0,0,1
20,10,103.53,3,0,0,1
39,46,51.68,4,8,0,1
61,57,92.51,1,7,0,1
19,52,32.1,2,5,1,0
41,42,36.87,2,0,0,0
51,32,51.58,3,1,1,0
44,42,79.39,1,9,1,1
58,26,84.55,1,2,1,0
18,25,59.64,4,9,1,1
25,11,27.78,3,2,1,0
40,23,57.36,1,1,0,1
55,34,88.88,1,1,0,1
23,57,87.1,1,5,1,0
39,52,36.02,2,6,0,1
42,40,20.78,2,3,1,0
35,23,95.3,2,0,1,0
34,29,30.64,4,5,1,0
29,31,28.23,4,6,0,1
23,7,20.27,4,3,1,0
43,40,63.26,1,5,1,0
44,33,70.33,2,8,1,1
25,21,83.77,1,3,1,0
36,2,49.61,1,9,0,1
59,18,91.04,3,3,0,1
18,47,36.93,1,9,0,1
46,33,103.2,4,4,0,1
62,37,77.18,2,2,0,1
66,34,78.39,2,9,0,1
52,20,40.98,1,1,1,0
57,35,27.41,4,8,1,1
31,51,66.47,4,0,0,0
52,50,81.56,4,4,1,0
65,54,29.5,2,4,1,0
62,18,115.05,4,7,1,1
37,46,118.04,4,5,1,0
66,24,74.55,1,5,0,1
30,8,115.01,3,5,0,1
55,30,37.94,4,3,0,1
66,44,22.54,1,0,0,0
63,53,23.94,1,2,1,0
66,10,78.75,4,9,1,1
25,23,26.16,3,5,0,1
60,52,115.85,2,4,1,0
37,49,34.19,3,9,1,0
50,11,50.47,4,0,0,1
43,2,102.25,3,4,1,1
56,58,41.87,1,1,0,0
38,26,44.3,1,0,1,0
66,36,84.23,3,3,0,1
59,33,47.61,2,5,0,1
60,47,41.74,3,6,1,0
58,13,45.42,4,8,1,1
26,40,69.06,2,4,0,1
41,25,116.61,3,7,1,1
54,4,103.22,3,7,1,1
66,42,48.46,2,8,0,1
58,19,56.34,3,2,1,0
34,18,66.45,4,2,1,0
41,37,117.89,1,8,0,1
38,30,37.24,4,6,1,0
68,19,55.75,3,3,1,0
56,58,92.94,1,0,1,0
58,23,116.39,2,6,1,1
56,59,35.57,4,9,0,1
30,54,42.74,2,5,0,1
28,16,42.57,1,2,1,0
63,1,22.09,3,4,1,0
36,12,80.41,1,2,0,1
28,24,87.07,1,7,0,1
30,34,80.25,2,4,1,0
63,53,27.13,4,9,0,1
62,57,26.92,1,9,0,1
18,8,41.04,3,5,1,0
57,18,49.03,1,1,1,0
61,57,98.65,2,7,1,0
36,48,35.94,4,8,1,0
29,5,24.41,3,2,0,1
25,26,59.4,2,5,1,0
25,30,61.64,1,5,0,1
62,54,65.09,1,1,1,0
29,13,102.69,4,9,1,1
65,19,29.8,2,7,1,0
50,29,90.39,2,4,1,0
62,3,53.79,4,7,0,1
43,26,51.0,3,7,1,0
56,40,113.25,2,2,0,1
45,59,44.85,4,4,0,0
22,58,84.25,2,6,0,1
25,58,47.51,4,4,1,0
42,12,70.71,1,5,1,1
44,2,98.63,1,1,0,1
63,11,108.17,2,7,0,1
40,44,103.87,2,4,1,0
47,28,78.22,1,5,0,1
62,18,44.88,3,0,1,0
64,13,86.12,4,9,1,1
40,37,90.99,3,1,1,0
66,22,21.07,3,3,1,0
64,12,63.92,3,8,1,1
37,2,104.33,1,5,1,1
35,37,68.96,2,7,0,1
35,7,51.14,3,1,0,1
19,26,107.18,1,9,0,1
21,26,35.59,4,4,1,0
47,24,40.64,2,0,1,0
50,12,88.74,4,3,0,1
53,16,55.24,3,9,1,1
35,23,91.3,2,0,1,0
54,40,35.77,3,8,1,0
36,9,45.23,2,1,0,1
64,32,35.66,3,6,1,0
45,15,115.29,4,2,1,0
57,37,60.54,4,1,0,1
37,13,53.72,3,3,1,0
66,5,21.42,2,6,0,1
50,11,35.34,4,6,1,1
29,10,62.11,2,8,1,1
68,52,26.85,2,2,1,0
32,13,71.07,4,6,0,1
58,41,65.5,1,5,1,0
56,53,96.72,1,9,0,1
19,46,85.98,2,6,1,0
46,50,64.59,4,6,1,0
58,15,42.47,1,9,1,1
27,42,92.69,3,4,1,0
19,56,90.79,2,8,0,1
68,7,35.33,1,6,1,1
28,40,111.48,4,6,0,1
30,28,26.44,4,2,0,1
27,32,25.5,2,0,1,0
31,35,38.74,4,4,1,0
35,15,110.95,3,7,0,1
68,48,72.0,3,4,1,0
26,36,98.79,1,9,0,1
56,21,42.78,4,2,0,1
45,6,69.02,3,8,0,1
20,1,55.83,2,1,1,0
37,4,102.78,4,2,1,1
23,11,22.26,1,3,1,0
44,44,44.38,2,9,0,1
19,26,35.26,2,0,1,0
46,37,105.92,2,3,1,0
55,23,66.75,3,3,1,0
20,29,60.42,2,8,1,1
33,21,64.95,3,7,1,1
47,48,117.19,2,1,1,0
57,45,105.03,3,6,1,0
19,45,90.64,4,5,1,0
34,49,49.05,3,6,1,0
58,27,36.52,3,3,1,0
29,39,112.14,4,4,0,1
52,40,62.31,2,5,1,0
60,13,47.88,4,8,1,1
18,23,67.09,2,1,0,1
62,59,111.78,3,8,0,1
32,16,58.71,2,9,1,1
43,30,76.26,3,0,1,0
54,4,100.3,2,3,0,1
38,40,62.71,3,4,0,1
66,16,43.35,3,8,1,1
48,31,119.45,1,5,0,1
42,53,115.66,2,3,0,1
40,42,104.35,2,1,1,0
41,25,88.84,1,4,1,0
55,44,49.49,3,7,0,1
45,12,111.34,3,7,0,1
38,26,47.56,1,5,1,0
60,37,100.08,1,0,0,1
35,48,111.83,4,7,0,1
53,33,80.3,3,3,0,1
52,28,100.31,4,1,0,1
62,9,99.17,2,0,0,1
26,12,39.32,4,6,1,0
55,5,86.79,1,1,0,1
47,54,29.35,1,3,0,0
61,52,70.79,1,3,0,0
51,54,36.22,1,9,1,0
49,28,61.63,4,0,1,0
20,56,103.3,4,1,1,0
20,35,118.72,4,0,1,0
45,5,51.8,1,5,0,1
61,34,73.2,1,2,1,0
32,46,71.13,3,0,0,0
58,34,115.44,3,7,0,1
40,13,67.86,1,3,0,1
57,39,89.91,3,9,0,1
28,42,112.18,2,6,1,1
65,45,57.34,2,9,1,0
49,48,110.21,1,1,1,0
53,58,111.75,4,5,0,1
50,14,113.07,2,5,1,1
41,11,47.04,2,6,0,1
56,42,60.04,4,0,1,0
51,38,107.04,3,0,0,0
45,4,55.92,4,1,0,1
54,53,80.03,3,1,1,0
24,33,31.81,3,4,1,0
21,7,25.63,4,0,1,0
54,56,61.2,3,1,0,0
18,41,77.89,2,5,0,1
18,8,59.27,1,2,0,1
64,37,77.77,3,3,1,0
37,51,71.51,2,0,1,0
36,10,88.57,4,4,0,1
46,43,84.95,3,3,0,1
27,57,62.42,2,7,1,0
35,15,62.5,3,2,0,1
45,38,34.08,4,9,0,1
52,15,71.32,1,0,1,0
60,5,78.72,3,9,0,1
64,29,67.65,1,4,1,0
48,19,52.57,3,0,1,0
44,54,92.16,3,4,0,1
28,51,27.47,4,8,0,1
66,10,111.44,3,4,0,1
66,12,22.06,2,1,1,0
55,54,116.24,2,1,1,0
22,4,66.24,1,9,0,1
25,31,61.27,1,8,1,1
51,18,45.64,2,4,1,0
65,16,21.01,1,7,1,0
69,40,47.48,1,9,1,1
29,36,30.94,2,3,1,0
55,25,85.98,2,1,1,0
18,23,51.91,2,3,1,0
48,12,96.72,4,3,0,1
21,34,40.69,4,8,1,1
66,36,110.02,2,9,1,1
62,37,72.3,3,5,1,0
67,3,31.45,2,9,1,1
22,9,60.08,4,5,1,1
47,53,40.68,1,4,1,0
41,18,39.97,3,5,0,1
20,43,70.64,3,0,1,0
28,35,87.19,1,4,1,0
62,57,111.16,3,5,1,0
21,55,70.22,1,7,1,0
43,34,116.58,4,3,0,1
44,41,114.16,3,4,0,1
63,14,106.51,3,3,1,1
60,4,70.0,1,6,0,1
44,29,34.09,1,9,1,0
59,41,41.79,4,5,0,1
68,45,84.77,1,3,0,1
67,50,62.18,1,5,1,0
23,15,34.68,4,3,1,0
32,28,67.9,2,7,0,1
47,42,21.74,2,2,0,0
59,16,93.39,1,7,1,1
54,12,27.36,4,1,1,0
54,52,82.91,2,5,1,0
59,5,99.3,4,7,0,1
54,34,33.26,1,0,1,0
52,42,71.86,1,5,0,1
40,1,97.91,4,8,0,1
23,39,46.06,3,9,1,1
21,32,36.29,1,9,0,1
35,26,53.68,1,1,0,1
26,17,75.47,1,0,0,1
66,48,77.53,1,1,1,0
46,59,33.09,4,4,1,0
30,27,65.76,4,5,1,0
64,24,46.83,4,0,1,0
69,35,104.2,4,6,0,1
34,46,51.36,3,3,1,0
62,42,103.87,4,8,0,1
49,54,62.86,4,5,1,0
65,39,92.66,1,8,1,1
39,26,71.01,3,0,0,1
21,49,82.2,1,3,0,1
22,38,59.54,3,1,1,0
54,23,96.82,2,5,0,1
58,22,62.52,3,3,0,1
66,4,65.75,3,8,0,1
30,49,71.77,1,2,1,0
51,59,103.18,3,0,1,0
62,9,85.94,3,0,1,0
39,4,54.92,1,8,1,1
40,7,87.03,2,8,1,1
68,23,84.24,2,4,0,1
20,2,113.1,2,1,0,1
59,49,104.14,3,8,1,1
51,24,84.74,1,7,1,1
49,40,54.15,2,9,1,1
62,55,97.96,2,9,1,1
68,31,77.52,2,5,1,0
66,47,118.53,2,6,1,1
38,31,44.75,1,5,0,1
63,47,27.97,2,4,0,0
61,40,26.99,3,3,1,0
38,48,84.0,3,6,0,1
61,51,113.93,1,3,1,0
28,43,20.19,4,9,0,1
56,34,92.58,2,9,1,1
21,55,85.71,2,9,1,0
68,24,93.23,3,8,1,1
18,49,55.54,1,4,0,1
45,26,102.05,4,7,1,1
41,16,24.47,3,5,0,1
52,57,95.54,4,3,1,0
30,47,46.71,1,2,1,0
64,13,67.68,1,5,0,1
51,15,102.26,1,0,1,0
28,27,47.14,3,1,1,0
53,4,38.52,1,6,1,1
68,16,88.13,3,3,1,0
34,30,73.34,3,4,1,0
52,44,71.44,2,9,0,1
35,30,45.68,3,0,1,0
57,36,23.49,3,1,1,0
39,3,61.03,2,3,0,1
41,22,30.66,4,7,1,0
36,49,110.6,2,9,1,1
54,22,24.13,2,3,1,0
56,50,63.17,1,2,0,0
38,57,25.22,1,2,0,0
25,50,29.55,2,4,0,0
45,55,85.89,1,2,1,0
22,49,84.71,2,7,1,0
34,12,23.31,1,4,0,1
54,55,20.11,3,6,0,0
53,21,27.88,1,7,1,1
36,56,96.3,1,4,0,1
44,4,78.46,3,7,0,1
51,31,23.81,2,2,1,0
28,44,68.81,1,6,1,0
62,31,91.2,1,7,1,1
64,58,106.9,3,6,1,0
29,23,113.4,3,1,0,1
38,54,52.74,3,7,1,0
28,53,33.58,4,5,0,1
56,20,43.69,3,9,0,1
45,15,97.62,2,2,0,1
22,23,117.15,1,3,0,1
34,28,66.64,1,6,0,1
37,16,50.54,4,2,1,0
58,37,62.92,1,0,1,0
63,21,50.48,1,5,0,1
29,15,45.65,2,2,1,0
23,17,79.38,1,9,1,1
34,50,21.57,2,5,0,1
68,37,45.96,4,9,0,1
36,13,86.14,2,2,0,1
43,19,23.21,3,5,0,1
65,30,28.32,3,3,1,0
61,45,49.34,4,3,0,0
61,18,107.78,1,9,0,1
69,14,96.49,2,9,0,1
49,36,22.22,3,1,1,0
23,36,70.17,2,3,0,1
53,20,47.47,3,3,1,0
55,52,84.86,2,6,0,1
28,19,92.16,1,4,1,0
50,45,106.29,4,7,1,1
41,44,67.54,1,6,1,0
40,7,119.45,2,9,1,1
32,57,118.0,3,8,1,0
44,44,108.22,3,7,1,0
28,53,77.49,4,8,1,0
68,4,59.8,1,0,0,1
67,59,56.44,1,9,1,0
34,34,21.21,1,2,1,0
68,2,44.92,3,4,0,1
31,5,91.88,4,8,1,1
44,55,80.36,3,7,1,0
35,10,111.64,1,9,1,1
45,32,25.0,2,6,1,0
68,42,35.53,3,1,1,0
64,41,98.92,4,5,0,1
64,13,55.85,1,3,0,1
21,39,31.83,2,4,1,0
24,5,119.65,3,4,1,1
62,58,98.73,2,3,1,0
52,10,60.87,2,3,0,1
65,10,102.33,4,3,0,1
26,38,88.06,3,1,1,0
25,27,99.0,4,0,0,1
69,51,101.52,1,1,1,0
62,21,28.47,2,6,0,1
34,8,82.3,4,0,0,1
34,1,20.68,4,5,0,1
66,28,24.35,1,3,0,1
50,49,110.4,3,1,1,0
49,39,72.76,4,2,0,1
25,14,93.59,2,6,0,1
36,21,103.85,2,5,1,1
55,30,114.96,2,5,1,1
20,21,106.94,2,7,1,1
22,49,68.33,4,7,0,1
30,9,53.6,2,5,0,1
64,17,35.45,4,0,1,0
63,5,60.03,3,9,1,1
48,58,56.65,2,6,0,1
33,57,75.96,3,7,0,1
67,31,86.55,4,4,1,0
49,52,117.83,1,3,1,0
39,40,92.84,3,6,1,0
46,38,84.37,2,5,0,1
39,43,53.51,1,5,0,1
60,19,23.45,3,2,0,1
20,36,48.81,4,9,0,1
27,50,96.84,4,3,1,0
59,33,40.53,4,4,0,1
38,13,91.22,3,8,1,1
33,14,77.98,4,7,1,1
29,56,37.19,3,2,0,0
19,33,46.16,2,5,1,0
58,29,69.63,2,9,1,1
41,43,61.84,3,0,1,0
52,49,97.86,3,2,0,1
47,36,93.44,1,9,0,1
47,58,77.46,4,6,0,1
64,44,102.23,2,6,0,1
52,10,76.27,2,1,1,0
36,31,116.44,1,2,1,0
67,6,41.72,3,6,0,1
25,57,91.41,3,5,1,0
43,1,56.99,1,6,1,1
66,7,47.9,4,9,1,1
57,58,38.04,3,8,0,1
24,27,75.25,3,7,0,1
47,21,41.55,4,5,1,0
24,28,40.04,4,3,0,1
20,16,119.05,1,9,1,1
18,56,100.17,1,8,1,0
53,46,94.83,1,6,1,0
42,23,99.41,3,4,1,0
54,52,116.89,1,1,0,1
18,20,77.33,3,8,1,1
32,38,42.02,2,6,0,1
54,54,106.22,4,8,1,0
30,25,94.27,4,8,0,1
57,28,61.43,2,9,1,1
25,5,67.36,1,4,0,1
22,56,61.13,3,6,1,0
26,21,112.99,3,4,1,1
18,18,54.35,3,2,1,0
53,47,116.35,4,9,0,1
52,6,111.03,1,7,1,1
19,57,83.05,3,7,0,1
57,29,77.98,3,8,1,1
40,19,57.01,3,5,1,1
26,33,21.83,2,1,1,0
51,1,32.76,3,2,0,1
63,45,95.42,2,9,1,1
31,3,67.15,3,5,1,1
21,42,34.98,3,0,1,0
47,21,46.4,3,1,1,0
48,35,114.78,2,7,1,1
55,41,56.71,3,7,1,0
28,40,110.77,1,5,0,1
52,3,50.46,3,2,0,1
25,25,74.32,2,1,0,1
20,45,22.05,2,5,1,0
31,38,72.19,1,0,1,0
30,45,83.69,4,9,1,1
62,55,43.43,1,5,1,0
49,20,77.89,1,8,0,1
51,52,84.72,2,6,0,1
62,44,88.69,3,8,0,1
36,45,97.64,3,1,1,0
55,34,51.13,4,4,0,1
33,21,76.78,4,8,0,1
19,56,118.16,4,6,1,0
57,55,109.81,4,8,0,1
34,48,115.27,1,5,0,1
51,23,58.61,1,6,0,1
59,6,98.69,3,9,1,1
33,51,81.99,1,4,0,1
55,53,28.27,3,5,1,0
19,13,102.4,3,0,0,1
19,49,87.71,3,0,1,0
43,23,39.89,3,1,1,0
30,9,27.97,2,3,1,0
64,17,103.7,3,8,1,1
48,2,27.89,1,6,1,1
51,19,29.14,1,5,1,0
56,19,62.74,1,0,1,0
20,56,33.48,1,4,1,0
25,7,111.37,2,3,1,1
40,54,67.03,4,4,1,0
31,42,76.92,4,8,1,1
44,42,112.81,3,2,0,1
46,59,73.03,3,3,1,0
56,20,55.36,1,7,1,1
56,9,99.72,1,2,1,0
18,17,64.29,4,2,1,0
34,27,51.85,4,8,0,1
58,47,92.32,1,4,0,1
47,2,100.16,3,9,1,1
30,36,99.17,2,0,0,0
38,19,117.77,2,6,0,1
36,17,98.67,4,6,1,1
36,5,96.99,4,5,0,1
42,39,105.75,4,5,0,1
39,18,20.02,2,2,0,1
48,53,56.24,2,2,1,0
34,54,93.76,1,9,0,1
40,59,79.97,3,8,0,1
49,7,37.76,4,0,1,0
27,17,50.37,1,6,0,1
27,39,53.68,2,9,1,1
53,36,76.78,1,6,0,1
25,40,103.16,2,7,1,1
69,45,113.25,3,5,1,0
37,4,95.01,2,7,1,1
49,38,104.3,1,0,0,1
67,25,67.01,3,0,0,0
31,5,58.98,2,8,1,1
67,30,59.27,4,3,0,1
45,12,81.6,2,2,1,0
63,4,32.42,3,5,0,1
69,24,77.95,1,9,1,1
41,29,86.51,3,8,1,1
32,9,63.89,1,9,1,1
39,4,115.32,2,3,0,1
47,51,80.82,2,8,0,1
21,24,42.0,3,4,1,0
30,14,67.92,4,6,1,1
40,5,87.54,2,2,0,1
25,18,52.36,4,2,1,0
35,42,27.96,4,2,0,1
29,57,78.34,3,7,1,0
48,19,114.79,2,5,0,1
31,12,68.51,4,8,1,1
51,18,110.61,2,8,1,1
35,17,103.5,1,7,1,1
51,30,34.74,4,0,1,0
28,24,90.82,3,5,0,1
58,11,63.55,3,3,1,0
29,35,45.02,4,3,1,0
66,23,88.69,2,2,1,0
32,17,94.27,1,8,1,1
48,1,37.99,1,1,1,0
66,15,111.44,3,0,0,1
46,32,95.11,3,9,1,1
43,9,113.34,2,2,0,1
35,15,51.71,3,3,1,0
49,28,113.93,2,3,1,0
39,24,56.85,4,5,0,1
55,35,25.4,1,0,1,0
34,22,96.3,4,0,0,1
40,27,90.35,3,1,0,1
41,19,79.79,1,3,1,0
67,45,68.99,1,6,1,0
25,12,23.22,4,5,0,1
58,20,82.46,2,8,1,1
23,1,61.68,1,6,1,1
22,21,76.02,2,4,0,1
61,49,62.93,4,5,1,0
46,45,116.61,4,9,0,1
45,1,80.41,2,8,1,1
28,10,94.92,4,0,0,1
18,47,113.63,1,8,0,1
60,59,79.16,4,5,0,1
36,59,21.21,4,3,0,0
26,32,23.43,1,4,1,0
44,39,90.23,2,0,0,1
51,22,47.91,4,6,0,1
61,18,77.94,2,7,1,1
21,48,40.23,1,4,1,0
53,46,47.02,2,1,0,0
35,32,70.46,2,7,1,0
32,27,117.56,3,9,0,1
68,28,81.63,3,6,1,1
30,18,113.61,4,9,0,1
36,59,115.94,3,8,1,0
66,39,40.81,3,3,1,0
23,49,51.12,3,8,0,1
65,29,97.0,2,3,1,0
29,18,106.68,2,2,1,1
68,44,71.92,3,2,1,0
54,8,119.32,1,9,1,1
34,54,21.16,3,1,1,0
40,31,49.96,1,9,1,1
43,34,82.32,2,2,1,0
46,7,66.93,1,7,1,1
50,36,31.66,2,7,0,1
44,18,56.78,1,1,1,0
42,38,22.54,2,1,1,0
27,59,84.27,2,1,1,0
64,9,109.27,3,9,1,1
40,59,108.49,4,6,0,1
38,9,89.95,4,5,1,1
38,46,66.58,2,0,1,0
60,8,71.2,3,1,1,0
30,51,33.69,4,0,1,0
54,35,54.1,4,6,1,0
50,18,38.77,3,5,0,1
41,5,102.12,3,1,1,1
61,14,111.48,4,1,1,0
28,28,73.69,4,1,0,1
34,30,92.78,1,7,0,1
21,4,32.15,1,6,1,1
64,39,80.85,2,0,1,0
42,20,90.28,4,3,1,0
47,25,65.28,3,3,1,0
26,28,44.33,3,6,0,1
38,12,107.74,4,1,1,1
37,2,94.29,2,3,0,1
36,43,109.99,3,0,1,0
36,14,101.84,4,3,0,1
29,22,119.04,4,0,0,1
54,31,39.22,2,1,1,0
59,23,28.67,4,1,0,1
34,48,53.7,3,9,1,1
54,20,32.9,1,2,0,1
65,38,72.31,2,7,0,1
56,55,83.3,4,5,0,1
45,4,77.83,2,5,1,1
58,15,45.92,4,8,0,1
52,24,110.88,1,7,0,1
64,25,22.12,2,1,1,0
65,1,54.8,4,5,0,1
35,7,91.9,1,0,1,0
31,57,96.69,3,8,1,1
52,31,61.61,4,3,0,1
61,12,21.69,1,3,1,0
58,42,81.8,1,8,1,1
24,5,26.31,2,2,1,0
58,44,30.79,4,4,1,0
30,50,85.03,3,0,1,0
35,42,51.25,4,5,0,1
54,38,54.8,1,2,1,0
30,12,68.68,3,0,1,0
53,39,117.86,1,9,1,1
48,18,116.54,2,5,1,1
19,2,61.63,4,9,1,1
33,10,46.55,1,1,0,1
26,15,50.26,1,7,1,1
26,30,46.88,4,1,0,1
55,44,73.22,3,3,1,0
28,58,80.69,1,2,1,0
39,17,68.88,4,8,0,1
50,4,60.8,2,1,1,0
53,7,41.13,2,2,1,0
62,41,68.25,4,6,1,0
40,31,54.11,1,3,0,1
62,51,74.16,4,5,1,0
62,59,87.52,4,2,1,0
51,55,83.33,1,0,1,0
26,39,66.25,3,5,1,0
41,55,75.61,3,3,1,0
25,34,48.49,2,1,1,0
24,6,22.42,3,6,0,1
53,50,82.5,4,9,0,1
35,38,45.26,1,4,1,0
20,45,86.9,2,5,1,0
45,58,94.7,3,5,1,0
23,51,111.59,4,8,0,1
61,34,115.81,2,1,0,1
61,44,21.05,1,5,1,0
38,15,119.04,3,8,1,1
45,14,88.3,4,3,0,1
57,6,84.35,1,5,1,1
18,50,21.52,4,6,0,1
53,37,106.12,4,0,0,1
38,50,34.55,4,4,0,0
60,32,103.73,1,3,1,0
52,3,21.56,2,9,1,1
30,3,84.6,4,1,0,1
66,22,63.48,2,1,1,0
27,22,40.08,2,1,0,1
61,10,30.76,3,6,1,0
64,51,64.01,3,3,1,0
27,3,32.33,2,5,0,1
63,12,68.64,3,6,0,1
30,29,82.52,3,8,1,1
54,48,102.74,2,1,1,0
55,17,87.86,1,9,0,1
41,7,26.52,3,8,1,1
19,13,50.74,3,4,1,0
39,56,48.8,1,5,1,0
34,2,111.5,1,5,1,1
53,4,106.78,1,2,1,1
31,10,57.01,2,9,1,1
27,39,27.12,1,6,1,0
52,24,109.41,2,6,1,1
42,17,108.82,4,7,0,1
20,52,105.47,4,4,1,0
64,6,104.51,1,1,0,1
55,19,68.03,1,2,0,1
34,5,37.74,4,8,1,1
29,32,67.75,2,5,1,0
69,10,69.46,2,7,0,1
41,9,68.99,1,7,1,1
46,27,73.88,1,4,0,1
60,13,45.77,1,0,0,1
42,19,56.62,4,5,0,1
53,21,63.42,3,6,1,1
43,24,33.11,1,8,1,1
55,38,65.54,2,1,1,0
18,4,101.05,3,1,1,0
37,24,102.81,2,9,1,1
45,59,61.16,3,0,1,0
33,35,71.88,4,4,0,1
64,3,23.37,3,1,1,0
34,4,87.44,2,2,1,0
57,57,60.46,3,1,0,0
45,37,64.55,4,3,0,1
29,40,107.37,2,2,1,0
44,48,66.18,1,8,0,1
59,54,22.12,3,9,1,0
64,35,42.75,2,1,0,1
47,31,67.56,3,6,1,0
58,56,62.44,4,2,0,0
51,44,106.04,2,9,1,1
54,25,74.21,1,7,1,1
23,40,88.96,1,3,1,0
24,13,66.93,3,3,0,1
49,4,63.97,4,8,1,1
49,46,64.63,4,2,1,0
42,14,61.09,3,6,1,1
50,13,73.86,2,0,0,1
24,27,45.04,2,6,1,0
69,6,109.11,3,9,1,1
29,17,53.31,2,1,0,1
33,36,34.75,2,5,0,1
33,40,29.66,2,8,0,1
60,49,21.34,3,5,0,1
53,35,62.29,1,2,1,0
30,17,38.76,4,0,1,0
24,41,22.16,1,3,0,0
53,2,72.0,2,3,1,1
64,57,88.0,3,7,1,0
68,13,28.58,4,9,0,1
26,52,66.09,2,9,1,1
49,2,94.36,4,6,0,1
28,52,118.58,4,9,1,1
25,28,86.72,1,6,0,1
50,43,44.48,2,6,1,0
40,59,91.66,4,1,0,0
42,26,79.79,1,8,1,1
25,22,41.18,3,5,1,0
62,47,105.11,4,1,0,1
39,43,62.74,2,0,1,0
21,55,116.2,3,0,0,0
57,3,92.29,4,0,1,0
20,35,84.46,4,3,0,1
46,58,92.84,2,3,1,0
58,12,67.81,4,8,0,1
46,24,70.52,2,0,0,1
51,5,105.12,2,2,0,1
51,20,88.09,2,2,0,1
45,39,109.72,2,7,1,1
30,39,109.08,4,1,0,1
32,13,117.65,3,5,1,1
40,41,90.02,3,3,1,0
61,57,70.23,1,9,0,1
43,53,36.63,2,5,1,0
21,45,90.54,4,4,1,0
43,12,49.16,4,8,1,1
57,13,48.29,1,8,1,1
26,56,43.83,3,0,0,0
22,10,107.51,4,2,0,1
49,33,106.8,1,0,1,0
37,57,83.1,3,5,1,0
67,40,67.3,4,2,1,0
28,54,87.21,2,0,0,0
32,16,80.72,1,5,1,1
49,45,61.57,4,4,1,0
45,35,57.96,1,7,0,1
39,3,58.28,1,1,1,0
58,56,78.91,1,7,1,0
34,5,84.77,2,4,1,1
43,26,65.17,3,7,1,1
61,11,116.87,3,9,1,1
24,7,28.38,4,3,0,1
59,53,54.7,2,3,1,0
43,56,61.91,3,9,0,1
42,10,21.69,4,3,1,0
27,42,56.5,4,5,1,0
62,52,47.37,1,3,1,0
36,34,70.6,2,8,0,1
28,3,53.64,3,8,1,1
30,8,92.62,2,2,0,1
25,31,70.99,2,6,0,1
57,11,32.98,3,4,1,0
21,45,95.01,3,8,1,1
64,7,29.92,2,1,1,0
48,45,103.9,4,2,1,0
45,2,113.14,2,9,0,1
28,6,52.24,3,4,0,1
60,41,112.61,2,4,1,0
18,32,99.3,3,9,1,1
66,20,112.24,4,6,1,1
64,57,86.63,2,7,1,0
69,34,43.56,4,7,0,1
55,50,109.45,2,0,1,0
41,16,38.43,2,0,1,0
64,25,41.31,3,2,0,1
48,12,47.11,1,0,1,0
58,7,50.42,3,0,1,0
63,39,71.45,2,9,1,1
67,17,91.35,1,7,0,1
43,45,112.62,1,0,1,0
66,11,28.84,4,8,0,1
67,6,115.44,2,1,0,1
22,23,112.13,3,8,1,1
37,27,25.4,1,6,0,1
69,46,56.03,1,8,0,1
58,6,101.31,3,2,1,1
28,38,81.16,3,0,1,0
50,2,97.91,1,0,1,0
67,22,91.9,3,9,0,1
55,20,69.68,4,5,1,1
44,25,24.12,1,6,1,0
51,15,78.43,4,8,1,1
32,49,24.86,2,5,1,0
49,29,80.37,4,4,0,1
38,8,100.04,3,1,1,1
63,37,78.5,1,1,1,0
22,49,119.7,4,7,0,1
23,52,65.59,3,0,1,0
55,33,94.88,3,7,0,1
39,22,86.72,4,9,1,1
35,50,119.14,1,6,0,1
31,47,91.32,4,6,0,1
27,5,36.4,2,4,1,0
63,39,115.55,4,2,1,0
30,18,86.78,4,6,0,1
48,38,25.93,1,6,1,0
47,54,85.76,4,6,1,0
20,53,108.31,3,1,1,0
47,37,77.7,1,2,0,1
23,30,55.4,3,2,1,0
46,51,102.09,1,3,0,1
25,31,98.25,2,8,1,1
61,10,74.42,2,9,1,1
62,15,35.44,2,0,1,0
60,42,45.1,4,6,0,1
61,59,93.85,2,6,1,0
50,48,100.61,1,3,0,1
34,44,47.93,2,0,1,0
65,18,56.8,1,2,0,1
28,23,27.76,3,4,1,0
30,33,91.35,4,1,0,1
67,16,20.36,3,6,0,1
28,54,24.65,3,9,1,0
48,38,20.43,2,9,1,0
45,35,84.53,2,6,1,0
61,34,61.74,2,9,0,1
23,28,49.75,3,4,0,1
58,2,111.27,4,9,1,1
33,30,39.28,4,5,1,0
21,13,58.94,3,0,0,1
52,41,114.03,4,3,1,0
65,16,62.71,3,3,1,0
43,59,75.47,3,7,1,0
29,5,28.03,4,1,0,1
28,55,99.02,1,0,1,0
54,28,62.28,1,6,0,1
42,53,100.05,2,5,1,0
35,39,45.38,4,4,0,1
36,45,62.25,2,7,1,0
40,20,98.65,3,1,1,0
55,24,117.39,1,1,1,0
35,27,25.96,4,8,1,1
43,30,101.25,4,0,1,0
23,58,50.07,4,5,1,0
21,45,75.07,1,2,0,1
61,27,49.01,2,4,0,1
68,26,81.34,1,7,1,1
46,7,55.38,2,6,1,1
51,42,53.36,3,3,1,0
34,47,23.79,3,7,0,1
60,53,34.7,2,9,1,0
60,59,111.71,3,1,0,0
33,38,119.83,3,6,1,1
19,5,98.05,4,4,0,1
51,23,48.68,4,5,1,1
25,28,60.24,1,2,1,0
30,34,93.95,1,9,1,1
59,53,116.85,1,6,0,1
25,15,65.55,4,6,0,1
47,32,102.95,1,1,1,0
49,26,117.51,1,0,1,0
53,48,107.35,4,9,0,1
64,31,42.71,2,1,1,0
47,19,20.8,4,7,1,1
18,9,69.21,2,9,1,1
60,29,73.14,4,2,0,1
56,54,40.13,1,3,0,1
34,58,48.47,3,7,1,0
37,51,96.52,3,2,1,0
41,39,67.03,2,5,1,0
67,4,51.74,2,1,1,0
39,3,82.26,2,2,0,1
46,56,85.28,3,0,0,0
39,29,96.94,2,8,0,1
61,52,35.67,4,3,1,0
26,11,94.15,4,5,1,1
54,33,79.94,3,6,0,1
27,38,25.76,4,1,0,0
53,58,97.74,2,7,1,0
54,11,58.31,3,8,1,1
45,27,53.04,2,9,1,1
45,33,64.81,4,1,0,1
59,21,54.62,2,4,1,0
60,39,53.83,3,1,0,0
38,31,100.81,2,4,0,1
41,38,32.45,4,6,0,1
59,46,117.06,1,5,0,1
57,2,75.49,3,3,1,1
19,27,38.29,2,1,1,0
25,36,33.12,3,6,0,1
65,11,79.15,2,9,1,1
44,47,83.3,1,8,0,1
39,18,25.3,4,0,1,0
54,59,44.3,2,2,0,0
44,1,99.55,2,6,1,1
46,35,24.96,1,8,0,1
20,35,105.51,3,4,1,0
61,31,85.82,4,6,1,1
30,28,63.44,2,9,1,1
62,39,54.64,2,6,0,1
27,1,21.92,4,3,1,0
53,25,102.52,1,4,1,0
26,43,34.27,3,1,1,0
44,38,50.95,4,7,1,0
51,20,76.91,3,0,1,0
68,3,44.6,1,1,1,0
18,51,69.71,1,2,1,0
49,2,100.93,4,6,0,1
42,18,67.05,2,5,1,0
46,44,114.9,1,6,1,1
24,10,104.75,1,4,0,1
66,5,53.3,4,3,0,1
20,9,60.0,4,6,1,1
37,2,62.33,4,2,1,0
37,34,82.62,1,9,0,1
47,38,48.68,3,6,1,0
52,31,116.92,1,1,0,1
52,10,80.87,4,7,1,1
66,50,59.94,2,5,1,0
56,12,84.5,2,2,0,1
44,36,59.54,4,2,1,0
43,54,101.78,2,4,0,1
31,21,76.78,1,2,1,0
34,49,24.2,3,5,1,0
35,47,37.68,1,1,0,0
62,6,106.5,4,7,1,1
69,48,76.29,1,8,1,1
46,49,115.03,2,6,1,0
37,3,27.24,1,2,0,1
44,10,49.53,3,9,1,1
35,5,39.35,2,3,1,0
21,46,75.38,3,9,0,1
18,26,58.28,3,1,0,1
67,21,35.73,3,8,0,1
18,45,84.28,1,4,1,0
43,26,73.63,1,1,1,0
62,38,47.47,1,9,1,1
37,44,67.98,1,5,0,1
69,26,94.57,2,6,1,1
40,8,40.53,1,1,0,1
27,5,49.29,2,0,0,1
28,15,54.61,3,6,1,1
58,59,94.67,2,0,0,0
58,16,104.69,4,2,1,1
22,1,57.64,1,3,1,0
18,16,49.66,4,1,1,0
34,37,108.94,2,6,1,0
39,3,119.94,1,4,1,1
51,52,87.04,4,0,0,0
62,47,119.0,1,7,1,1
58,31,86.0,2,9,1,1
46,13,93.35,4,6,1,1
21,56,58.87,2,3,0,0
22,16,63.3,4,1,0,1
28,55,34.41,3,6,1,0
68,43,102.28,3,1,0,1
38,21,113.11,3,5,0,1
52,2,82.34,3,0,0,1
29,54,54.36,3,6,1,0
43,27,35.4,2,6,1,0
68,38,46.52,3,3,1,0
36,26,45.54,2,3,0,1
62,58,81.35,3,9,0,1
24,59,114.5,1,4,1,0
64,38,24.83,3,1,1,0
24,46,20.1,1,8,0,1
43,25,80.02,2,9,0,1
57,11,48.41,3,3,0,1
22,8,108.05,4,8,0,1
38,8,52.73,2,2,1,0
31,33,48.97,3,8,0,1
21,53,46.95,2,0,0,0
40,7,34.49,4,6,0,1
59,38,78.15,3,3,0,1
37,21,36.82,4,6,1,0
32,8,62.46,3,9,0,1
67,51,66.1,1,5,0,1
69,54,22.05,2,3,1,0
62,21,21.68,4,3,1,0
46,56,72.02,2,7,1,0
25,20,89.6,4,6,0,1
58,8,114.21,2,3,1,1
65,58,37.91,2,5,1,0
36,46,30.33,2,5,0,0
65,31,25.21,1,0,0,0
56,50,63.6,3,1,1,0
63,57,82.31,1,3,1,0
45,29,104.06,2,5,1,1
63,48,88.26,4,5,1,0
44,9,40.84,2,0,1,0
21,15,66.18,3,7,0,1
32,30,111.03,1,1,1,0
52,26,52.67,3,4,1,0
54,10,69.87,4,3,1,0
18,29,115.86,3,4,0,1
20,54,93.47,1,4,0,1
64,16,94.77,4,9,1,1
41,36,45.23,3,7,0,1
44,20,61.47,1,9,0,1
57,45,28.23,1,6,0,1
53,54,80.65,2,8,0,1
51,37,30.37,3,0,1,0
46,22,103.59,4,5,1,1
41,7,101.46,2,5,0,1
41,23,73.36,3,1,1,0
59,41,34.12,3,7,1,0
21,40,22.56,4,5,1,0
20,29,99.67,2,9,1,1
51,16,80.01,2,8,1,1
66,38,91.09,4,9,0,1
40,28,50.38,2,4,1,0
69,48,70.95,1,6,1,0
40,38,94.72,4,5,1,0
62,31,66.26,3,4,0,1
22,14,80.14,4,5,1,0
48,53,98.97,1,3,1,0
58,33,41.52,4,2,1,0
23,57,26.59,3,0,1,0
54,9,73.18,3,0,0,1
27,57,26.21,4,5,0,0
57,27,96.66,4,8,1,1
24,24,91.92,1,7,0,1
56,13,108.17,1,1,1,0
55,26,83.96,3,8,1,1
38,29,26.72,2,7,1,0
37,51,45.32,2,8,1,0
20,49,100.79,2,3,1,0
68,43,36.71,2,8,0,1
39,28,89.85,3,1,1,0
64,28,98.03,2,0,1,0
21,8,53.01,2,8,1,1
45,23,52.23,4,9,1,1
29,29,75.78,2,7,1,0
55,5,106.13,4,6,1,1
68,42,42.39,3,7,1,0
53,7,114.13,4,0,1,1
64,42,79.91,1,8,0,1
58,36,119.21,4,9,0,1
22,41,28.96,2,8,1,0
30,27,32.66,4,8,1,1
40,58,102.66,4,5,1,0
67,46,106.48,3,3,0,1
47,2,64.55,3,1,1,0
54,25,91.41,2,3,1,0
42,9,106.76,1,6,1,1
65,53,24.31,1,0,1,0
44,27,77.4,4,8,0,1
68,1,105.35,1,2,1,1
31,23,59.82,3,3,1,0
65,10,50.24,2,4,1,1
64,42,99.57,2,2,1,0
53,52,53.58,3,3,0,0
56,25,20.32,2,4,1,0
33,54,115.96,4,0,0,1
39,3,79.21,2,8,0,1
38,6,101.95,1,9,1,1
38,58,102.53,2,9,1,0
25,6,26.64,2,3,1,0
66,53,37.09,3,8,1,0
33,2,51.11,3,3,1,0
48,58,52.07,1,0,1,0
59,58,85.88,3,4,1,0
27,18,82.31,1,8,0,1
49,23,69.46,4,2,1,0
51,2,41.13,1,4,0,1
26,12,58.2,2,2,0,1
34,22,74.36,1,2,1,0
28,37,66.8,4,0,1,0
49,20,32.73,2,1,1,0
27,39,84.95,1,1,0,1
39,24,27.31,3,8,1,1
34,48,57.82,3,6,1,0
21,20,91.0,3,7,0,1
65,1,22.0,1,1,1,0
69,1,77.0,1,8,1,1
64,17,53.45,4,2,0,1
42,59,20.88,2,9,1,0
38,1,39.04,2,1,0,1
54,53,114.09,2,0,0,1
55,52,72.11,2,8,0,1
66,45,119.72,1,7,1,0
18,30,72.48,1,3,1,0
42,41,74.39,4,6,1,0
68,47,59.18,2,2,1,0
53,3,51.0,1,2,0,1
34,46,45.15,1,3,1,0
58,55,54.34,1,1,1,0
41,11,65.99,1,9,0,1
19,24,39.2,2,3,0,1
57,22,42.49,2,9,0,1
32,44,47.15,1,2,1,0
49,45,64.93,3,7,1,0
56,26,85.28,4,1,1,0
23,13,105.61,2,8,0,1
18,1,48.71,2,2,1,0
64,24,38.37,3,3,1,0
40,10,57.88,2,9,0,1
56,35,109.44,3,9,1,1
34,24,20.99,3,2,1,0
51,28,87.79,1,2,1,0
58,36,67.72,2,7,0,1
46,16,36.1,4,7,0,1
26,40,52.1,3,5,0,1
30,16,42.5,4,3,1,0
23,59,107.78,1,0,1,0
23,17,68.19,2,3,1,0
37,51,76.31,1,7,0,1
69,54,79.37,1,5,1,0
20,15,83.96,4,1,0,1
34,16,69.56,4,2,0,1
66,15,21.79,3,6,0,1
29,57,53.47,2,3,0,0
65,34,38.39,1,3,1,0
64,11,88.01,3,4,0,1
62,1,25.67,3,7,1,1
18,15,76.38,1,6,1,1
34,26,41.06,1,8,1,1
20,51,114.88,3,4,0,1
43,4,53.55,1,0,1,0
32,43,52.52,1,3,0,0
53,5,112.34,4,5,1,1
49,35,61.73,2,5,1,0
49,13,116.29,3,8,1,1
21,10,22.42,1,9,1,1
35,11,50.63,3,4,1,1
66,18,86.62,2,4,0,1
36,34,109.09,3,5,1,0
60,39,45.64,3,5,0,1
69,41,113.05,3,2,1,0
52,42,79.41,4,5,0,1
57,50,100.1,2,7,0,1
31,23,59.72,2,5,1,0
50,7,41.22,3,4,1,0
31,59,111.12,3,2,1,0
51,39,113.31,2,0,1,0
21,3,69.76,1,4,1,1
41,12,20.65,4,5,1,0
46,7,30.98,2,5,1,0
36,49,77.3,3,5,0,1
23,26,22.38,1,2,1,0
50,33,59.69,1,3,1,0
66,37,50.34,1,2,1,0
57,48,91.43,4,1,1,0
36,15,25.56,4,7,0,1
18,2,68.87,2,6,1,1
22,41,77.91,2,7,1,0
44,7,81.73,2,5,1,1
33,32,60.52,2,6,1,0
23,4,50.44,3,0,0,1
57,20,88.25,4,9,0,1
30,50,104.76,1,4,1,0
65,53,89.36,3,3,0,1
52,36,113.21,2,9,0,1
36,32,91.73,2,2,1,0
29,28,96.46,3,1,1,0
33,13,36.79,1,8,0,1
60,1,61.95,4,7,0,1
27,56,68.51,4,9,1,1
42,35,45.63,1,1,0,0
37,48,72.85,4,5,0,1
48,30,49.08,2,2,0,1
21,54,88.75,2,2,1,0
61,36,67.03,2,4,1,0
40,57,65.88,2,6,0,1
19,55,118.36,1,6,0,1
39,25,59.24,4,9,1,1
68,16,56.23,4,0,1,0
54,58,51.86,3,6,1,0
25,19,109.47,1,6,0,1
24,1,69.67,4,5,0,1
31,5,80.0,4,5,1,1
20,51,38.08,3,1,1,0
67,22,74.09,2,2,0,1
33,24,47.46,4,2,1,0
36,43,93.06,2,2,0,1
68,45,103.25,3,1,1,0
35,52,91.48,4,8,1,0
69,37,93.02,2,5,1,0
33,53,71.25,1,1,1,0
25,36,91.21,2,2,1,0
50,36,62.27,2,9,0,1
66,4,85.15,2,5,0,1
29,36,45.9,2,3,0,1
28,52,26.98,1,6,0,1
22,53,61.35,3,5,0,1
44,18,66.18,2,5,1,0
29,50,45.64,2,2,1,0
34,16,92.77,4,7,0,1
23,41,27.36,4,8,0,1
50,18,42.27,1,5,0,1
22,22,94.86,1,1,0,1
45,2,63.71,1,0,0,1
31,21,90.53,4,2,1,0
22,36,76.75,2,2,1,0
50,44,115.07,4,7,1,0
67,39,79.78,3,4,1,0
65,47,21.49,1,0,1,0
58,39,55.29,1,3,0,1
36,29,34.31,1,6,0,1
39,54,112.46,3,4,1,0
22,26,30.4,2,9,1,1
19,21,58.77,2,5,1,0
47,17,42.61,2,9,0,1
64,16,104.67,1,3,1,0
56,31,50.86,2,1,0,1
21,51,119.19,4,8,1,0
50,9,23.86,1,1,1,0
30,31,32.83,3,1,0,1
37,14,42.46,3,1,1,0
24,49,101.11,2,0,1,0
32,37,107.85,1,2,1,0
40,2,27.15,4,5,0,1
31,52,23.25,4,6,1,0
40,48,94.46,1,0,0,0
36,46,33.34,2,4,1,0
46,14,33.3,3,4,1,0
37,59,22.24,3,0,0,0
46,33,24.98,4,3,0,1
41,35,46.37,4,9,0,1
35,58,26.5,4,0,0,0
27,39,56.89,3,0,0,0
58,58,103.28,4,6,0,1
25,47,52.63,3,6,0,1
43,51,92.78,3,2,1,0
46,20,29.39,2,6,1,1
27,2,85.94,2,2,1,0
34,51,51.67,2,1,1,0
19,41,94.98,4,9,0,1
23,19,33.63,3,3,1,0
22,59,109.79,4,9,1,0
45,37,44.26,3,2,0,0
58,18,55.31,2,6,1,1
22,16,115.02,2,0,1,0
35,4,77.85,4,5,1,1
43,12,56.58,3,1,1,0
37,29,114.96,4,7,1,1
58,7,52.91,1,4,0,1
66,14,29.49,4,2,1,0
44,55,119.68,2,9,0,1
66,12,46.78,3,6,1,1
29,35,105.13,3,1,1,0
24,5,36.55,4,4,1,1
20,17,93.14,2,7,0,1
27,58,72.44,1,0,0,0
51,42,118.09,4,0,1,0
42,32,75.28,3,2,1,0
52,10,22.5,2,2,0,1
33,43,80.39,3,6,0,1
19,17,34.53,3,5,0,1
41,5,99.85,3,6,1,1
27,45,105.66,3,3,1,0
55,42,68.21,1,1,0,0
39,9,98.32,2,1,1,0
43,49,34.51,4,9,1,0
60,33,69.21,2,0,0,1
56,36,59.39,2,8,1,0
44,36,81.13,2,6,1,0
46,18,24.45,4,9,0,1
64,9,95.21,2,2,1,0
55,57,27.91,4,1,1,0
37,29,85.65,4,2,0,1
44,50,21.85,1,6,0,1
58,14,103.19,3,4,0,1
37,25,37.47,4,2,1,0
61,15,71.55,3,8,0,1
36,6,46.15,2,1,1,0
37,56,92.26,3,6,1,0
52,42,52.14,3,9,1,1
64,29,92.46,3,5,1,0
19,15,48.49,2,5,0,1
47,29,95.25,2,6,1,1
51,4,23.06,4,5,1,1
39,18,48.33,4,1,1,0
20,50,69.86,1,4,1,0
23,57,24.51,2,2,1,0
32,49,38.6,1,8,0,1
44,44,113.45,2,7,1,1
27,39,117.68,3,9,0,1
26,16,93.97,1,1,1,0
50,11,45.22,1,0,1,0
49,14,46.05,1,3,0,1
65,3,84.58,2,3,1,1
23,51,31.76,4,9,0,1
58,50,114.83,1,1,0,1
53,42,42.48,4,6,1,0
19,38,119.96,2,2,1,0
46,45,69.57,1,6,1,0
21,42,97.14,2,6,1,0
18,18,20.22,4,0,0,0
36,58,108.87,4,5,1,0
43,20,47.0,1,3,1,0
42,58,86.79,4,7,0,1
27,48,100.64,3,7,1,0
32,25,36.41,3,2,1,0
39,57,64.25,1,3,1,0
68,38,69.38,2,0,0,1
65,13,51.21,2,9,1,1
38,4,68.18,2,1,1,0
39,55,51.75,3,6,1,0
53,14,56.07,4,6,0,1
51,33,86.93,3,8,1,1
47,28,83.26,4,9,0,1
42,52,43.23,3,8,0,1
62,37,109.75,2,8,1,1
45,8,106.28,2,5,1,1
18,44,70.91,2,7,1,0
66,34,63.33,1,8,1,1
62,44,57.69,1,6,1,0
21,5,90.73,4,3,0,1
24,54,87.17,1,3,1,0
66,5,39.62,3,5,1,0
26,31,87.15,3,3,1,0
53,45,45.24,4,6,1,0
36,9,21.86,4,7,1,1
